[{"Login":"Aelalis34","Idade":38,"Sexo":"Masculino","Item ID":165,"Nome do Item":"Bone Crushing Silver Skewer","Valor":3.37},{"Login":"Eolo46","Idade":21,"Sexo":"Masculino","Item ID":119,"Nome do Item":"Stormbringer, Dark Blade of Ending Misery","Valor":2.32},{"Login":"Assastnya25","Idade":34,"Sexo":"Masculino","Item ID":174,"Nome do Item":"Primitive Blade","Valor":2.46},{"Login":"Pheusrical25","Idade":21,"Sexo":"Masculino","Item ID":92,"Nome do Item":"Final Critic","Valor":1.36},{"Login":"Aela59","Idade":23,"Sexo":"Masculino","Item ID":63,"Nome do Item":"Stormfury Mace","Valor":1.27},{"Login":"Tanimnya91","Idade":20,"Sexo":"Masculino","Item ID":10,"Nome do Item":"Sleepwalker","Valor":1.73},{"Login":"Undjaskla97","Idade":20,"Sexo":"Masculino","Item ID":153,"Nome do Item":"Mercenary Sabre","Valor":4.57},{"Login":"Iathenudil29","Idade":29,"Sexo":"Feminino","Item ID":169,"Nome do Item":"Interrogator, Blood Blade of the Queen","Valor":3.32},{"Login":"Sondenasta63","Idade":25,"Sexo":"Masculino","Item ID":118,"Nome do Item":"Ghost Reaver, Longsword of Magic","Valor":2.77},{"Login":"Hilaerin92","Idade":31,"Sexo":"Masculino","Item ID":99,"Nome do Item":"Expiration, Warscythe Of Lost Worlds","Valor":4.53},{"Login":"Chamosia29","Idade":24,"Sexo":"Masculino","Item ID":57,"Nome do Item":"Despair, Favor of Due Diligence","Valor":3.81},{"Login":"Sally64","Idade":20,"Sexo":"Masculino","Item ID":47,"Nome do Item":"Alpha, Reach of Ending Hope","Valor":1.55},{"Login":"Iskossa88","Idade":30,"Sexo":"Masculino","Item ID":81,"Nome do Item":"Dreamkiss","Valor":4.06},{"Login":"Seorithstilis90","Idade":23,"Sexo":"Masculino","Item ID":76,"Nome do Item":"Piety, Guardian of Riddles","Valor":3.68},{"Login":"Sundast29","Idade":40,"Sexo":"Masculino","Item ID":44,"Nome do Item":"Bonecarvin Battle Axe","Valor":2.46},{"Login":"Haellysu29","Idade":21,"Sexo":"Masculino","Item ID":96,"Nome do Item":"Blood-Forged Skeletal Spine","Valor":4.77},{"Login":"Sundista85","Idade":22,"Sexo":"Feminino","Item ID":123,"Nome do Item":"Twilight's Carver","Valor":1.14},{"Login":"Aenarap34","Idade":22,"Sexo":"Feminino","Item ID":59,"Nome do Item":"Lightning, Etcher of the King","Valor":1.65},{"Login":"Iskista88","Idade":28,"Sexo":"Masculino","Item ID":91,"Nome do Item":"Celeste","Valor":3.71},{"Login":"Assossa43","Idade":31,"Sexo":"Masculino","Item ID":177,"Nome do Item":"Winterthorn, Defender of Shifting Worlds","Valor":4.89},{"Login":"Irith83","Idade":24,"Sexo":"Masculino","Item ID":78,"Nome do Item":"Glimmer, Ender of the Moon","Valor":2.33},{"Login":"Iaralrgue74","Idade":15,"Sexo":"Masculino","Item ID":3,"Nome do Item":"Phantomlight","Valor":1.79},{"Login":"Deural48","Idade":11,"Sexo":"Feminino","Item ID":11,"Nome do Item":"Brimstone","Valor":2.52},{"Login":"Chanosia65","Idade":19,"Sexo":"Masculino","Item ID":183,"Nome do Item":"Dragon's Greatsword","Valor":2.36},{"Login":"Qarwen67","Idade":11,"Sexo":"Masculino","Item ID":65,"Nome do Item":"Conqueror Adamantite Mace","Valor":1.96},{"Login":"Idai61","Idade":21,"Sexo":"Masculino","Item ID":63,"Nome do Item":"Stormfury Mace","Valor":1.27},{"Login":"Aerithllora36","Idade":29,"Sexo":"Masculino","Item ID":132,"Nome do Item":"Persuasion","Valor":3.9},{"Login":"Assastnya25","Idade":34,"Sexo":"Masculino","Item ID":106,"Nome do Item":"Crying Steel Sickle","Valor":2.29},{"Login":"Ilariarin45","Idade":15,"Sexo":"Masculino","Item ID":49,"Nome do Item":"The Oculus, Token of Lost Worlds","Valor":4.23},{"Login":"Phaedai25","Idade":16,"Sexo":"Feminino","Item ID":45,"Nome do Item":"Glinting Glass Edge","Valor":2.46},{"Login":"Eulaeria40","Idade":21,"Sexo":"Feminino","Item ID":155,"Nome do Item":"War-Forged Gold Deflector","Valor":3.73},{"Login":"Iarilis73","Idade":18,"Sexo":"Masculino","Item ID":37,"Nome do Item":"Shadow Strike, Glory of Ending Hope","Valor":1.93},{"Login":"Malunil62","Idade":19,"Sexo":"Masculino","Item ID":48,"Nome do Item":"Rage, Legacy of the Lone Victor","Valor":4.32},{"Login":"Iskimnya76","Idade":24,"Sexo":"Masculino","Item ID":90,"Nome do Item":"Betrayer","Valor":1.67},{"Login":"Yararmol43","Idade":22,"Sexo":"Masculino","Item ID":47,"Nome do Item":"Alpha, Reach of Ending Hope","Valor":1.55},{"Login":"Aisur51","Idade":21,"Sexo":"Feminino","Item ID":13,"Nome do Item":"Serenity","Valor":1.49},{"Login":"Undare39","Idade":20,"Sexo":"Masculino","Item ID":44,"Nome do Item":"Bonecarvin Battle Axe","Valor":2.46},{"Login":"Sondossa91","Idade":31,"Sexo":"Masculino","Item ID":171,"Nome do Item":"Scalpel","Valor":3.62},{"Login":"Chamjasknya65","Idade":20,"Sexo":"Masculino","Item ID":25,"Nome do Item":"Hero Cane","Valor":1.03},{"Login":"Lassilsa63","Idade":23,"Sexo":"Masculino","Item ID":63,"Nome do Item":"Stormfury Mace","Valor":1.27},{"Login":"Tyisur83","Idade":32,"Sexo":"Masculino","Item ID":7,"Nome do Item":"Thorn, Satchel of Dark Souls","Valor":4.51},{"Login":"Aeral43","Idade":19,"Sexo":"Feminino","Item ID":124,"Nome do Item":"Venom Claymore","Valor":2.72},{"Login":"Lassadarsda57","Idade":24,"Sexo":"Masculino","Item ID":25,"Nome do Item":"Hero Cane","Valor":1.03},{"Login":"Alaephos75","Idade":22,"Sexo":"Masculino","Item ID":68,"Nome do Item":"Storm-Weaver, Slayer of Inception","Valor":2.49},{"Login":"Frichjask31","Idade":22,"Sexo":"Masculino","Item ID":85,"Nome do Item":"Malificent Bag","Valor":2.17},{"Login":"Eusur90","Idade":20,"Sexo":"Masculino","Item ID":120,"Nome do Item":"Agatha","Valor":1.91},{"Login":"Palatyon26","Idade":11,"Sexo":"Masculino","Item ID":17,"Nome do Item":"Lazarus, Terror of the Earth","Valor":3.47},{"Login":"Saellyra72","Idade":24,"Sexo":"Masculino","Item ID":141,"Nome do Item":"Persuasion","Valor":3.27},{"Login":"Ililsa62","Idade":20,"Sexo":"Masculino","Item ID":73,"Nome do Item":"Ritual Mace","Valor":3.74},{"Login":"Eosur70","Idade":22,"Sexo":"Masculino","Item ID":151,"Nome do Item":"Severance","Valor":1.85},{"Login":"Saistyphos30","Idade":32,"Sexo":"Feminino","Item ID":32,"Nome do Item":"Orenmir","Valor":4.95},{"Login":"Reula64","Idade":16,"Sexo":"Masculino","Item ID":169,"Nome do Item":"Interrogator, Blood Blade of the Queen","Valor":3.32},{"Login":"Chanirrala39","Idade":24,"Sexo":"Masculino","Item ID":165,"Nome do Item":"Bone Crushing Silver Skewer","Valor":3.37},{"Login":"Chadanto83","Idade":22,"Sexo":"Masculino","Item ID":51,"Nome do Item":"Endbringer","Valor":2.67},{"Login":"Minduli80","Idade":25,"Sexo":"Feminino","Item ID":101,"Nome do Item":"Final Critic","Valor":4.62},{"Login":"Heunadil74","Idade":24,"Sexo":"Masculino","Item ID":140,"Nome do Item":"Striker","Valor":3.82},{"Login":"Marilsasya33","Idade":23,"Sexo":"Masculino","Item ID":31,"Nome do Item":"Trickster","Valor":2.07},{"Login":"Alallo58","Idade":24,"Sexo":"Masculino","Item ID":34,"Nome do Item":"Retribution Axe","Valor":4.14},{"Login":"Tyaeristi78","Idade":24,"Sexo":"Feminino","Item ID":65,"Nome do Item":"Conqueror Adamantite Mace","Valor":1.96},{"Login":"Ila44","Idade":15,"Sexo":"Masculino","Item ID":2,"Nome do Item":"Verdict","Valor":3.4},{"Login":"Iskossaya95","Idade":31,"Sexo":"Masculino","Item ID":86,"Nome do Item":"Stormfury Lantern","Valor":1.28},{"Login":"Rinallorap73","Idade":24,"Sexo":"Masculino","Item ID":39,"Nome do Item":"Betrayal, Whisper of Grieving Widows","Valor":2.35},{"Login":"Aeri84","Idade":19,"Sexo":"Feminino","Item ID":39,"Nome do Item":"Betrayal, Whisper of Grieving Widows","Valor":2.35},{"Login":"Ryanara76","Idade":23,"Sexo":"Masculino","Item ID":28,"Nome do Item":"Flux, Destroyer of Due Diligence","Valor":3.04},{"Login":"Syally44","Idade":15,"Sexo":"Masculino","Item ID":160,"Nome do Item":"Azurewrath","Valor":2.22},{"Login":"Shaidanu32","Idade":15,"Sexo":"Masculino","Item ID":134,"Nome do Item":"Undead Crusader","Valor":4.67},{"Login":"Syasriria69","Idade":18,"Sexo":"Masculino","Item ID":13,"Nome do Item":"Serenity","Valor":1.49},{"Login":"Lisiriya82","Idade":25,"Sexo":"Masculino","Item ID":83,"Nome do Item":"Lifebender","Valor":3.51},{"Login":"Qarwen67","Idade":11,"Sexo":"Masculino","Item ID":38,"Nome do Item":"The Void, Vengeance of Dark Magic","Valor":2.82},{"Login":"Iskosia51","Idade":15,"Sexo":"Masculino","Item ID":7,"Nome do Item":"Thorn, Satchel of Dark Souls","Valor":4.51},{"Login":"Eosurdru76","Idade":7,"Sexo":"Feminino","Item ID":158,"Nome do Item":"Darkheart, Butcher of the Champion","Valor":3.56},{"Login":"Lassimla92","Idade":21,"Sexo":"Masculino","Item ID":85,"Nome do Item":"Malificent Bag","Valor":2.17},{"Login":"Tauldilsa43","Idade":34,"Sexo":"Masculino","Item ID":110,"Nome do Item":"Suspension","Valor":2.11},{"Login":"Erudrion71","Idade":16,"Sexo":"Masculino","Item ID":122,"Nome do Item":"Unending Tyranny","Valor":1.21},{"Login":"Chanjaskan37","Idade":20,"Sexo":"Masculino","Item ID":54,"Nome do Item":"Eternal Cleaver","Valor":3.14},{"Login":"Sondastan54","Idade":31,"Sexo":"Masculino","Item ID":31,"Nome do Item":"Trickster","Valor":2.07},{"Login":"Strithenu87","Idade":20,"Sexo":"Masculino","Item ID":105,"Nome do Item":"Hailstorm Shadowsteel Scythe","Valor":3.73},{"Login":"Chanastsda67","Idade":15,"Sexo":"Masculino","Item ID":87,"Nome do Item":"Deluge, Edge of the West","Valor":2.2},{"Login":"Baelollodeu94","Idade":23,"Sexo":"Masculino","Item ID":23,"Nome do Item":"Crucifer","Valor":2.77},{"Login":"Undirrala66","Idade":29,"Sexo":"Masculino","Item ID":144,"Nome do Item":"Blood Infused Guardian","Valor":2.86},{"Login":"Chanosseya79","Idade":16,"Sexo":"Feminino","Item ID":128,"Nome do Item":"Blazeguard, Reach of Eternity","Valor":4.0},{"Login":"Yaristi64","Idade":38,"Sexo":"Masculino","Item ID":175,"Nome do Item":"Woeful Adamantite Claymore","Valor":1.24},{"Login":"Airi27","Idade":23,"Sexo":"Masculino","Item ID":46,"Nome do Item":"Hopeless Ebon Dualblade","Valor":4.75},{"Login":"Frichaststa61","Idade":25,"Sexo":"Feminino","Item ID":32,"Nome do Item":"Orenmir","Valor":4.95},{"Login":"Raysistast71","Idade":25,"Sexo":"Masculino","Item ID":7,"Nome do Item":"Thorn, Satchel of Dark Souls","Valor":4.51},{"Login":"Ithergue48","Idade":20,"Sexo":"Feminino","Item ID":150,"Nome do Item":"Deathraze","Valor":4.54},{"Login":"Chanastst38","Idade":27,"Sexo":"Masculino","Item ID":152,"Nome do Item":"Darkheart","Valor":3.15},{"Login":"Sundosiasta28","Idade":22,"Sexo":"Masculino","Item ID":108,"Nome do Item":"Extraction, Quickblade Of Trembling Hands","Valor":3.39},{"Login":"Undotesta33","Idade":23,"Sexo":"Masculino","Item ID":132,"Nome do Item":"Persuasion","Valor":3.9},{"Login":"Tyiaduenuru55","Idade":22,"Sexo":"Masculino","Item ID":172,"Nome do Item":"Blade of the Grave","Valor":1.69},{"Login":"Iskjaskst81","Idade":33,"Sexo":"Masculino","Item ID":91,"Nome do Item":"Celeste","Valor":3.71},{"Login":"Iskjaskan81","Idade":24,"Sexo":"Masculino","Item ID":167,"Nome do Item":"Malice, Legacy of the Queen","Valor":2.38},{"Login":"Frichim27","Idade":24,"Sexo":"Masculino","Item ID":181,"Nome do Item":"Reaper's Toll","Valor":4.56},{"Login":"Hailaphos89","Idade":20,"Sexo":"Masculino","Item ID":20,"Nome do Item":"Netherbane","Valor":1.48},{"Login":"Seorithstilis90","Idade":23,"Sexo":"Masculino","Item ID":130,"Nome do Item":"Alpha","Valor":1.56},{"Login":"Jiskjask80","Idade":24,"Sexo":"Masculino","Item ID":111,"Nome do Item":"Misery's End","Valor":2.91},{"Login":"Yasurra52","Idade":22,"Sexo":"Feminino","Item ID":54,"Nome do Item":"Eternal Cleaver","Valor":3.14},{"Login":"Assassasta79","Idade":17,"Sexo":"Feminino","Item ID":49,"Nome do Item":"The Oculus, Token of Lost Worlds","Valor":4.23},{"Login":"Lamyon68","Idade":25,"Sexo":"Masculino","Item ID":47,"Nome do Item":"Alpha, Reach of Ending Hope","Valor":1.55},{"Login":"Alo67","Idade":20,"Sexo":"Masculino","Item ID":110,"Nome do Item":"Suspension","Valor":2.11},{"Login":"Farenon57","Idade":20,"Sexo":"Masculino","Item ID":103,"Nome do Item":"Singed Scalpel","Valor":4.87},{"Login":"Assistasda90","Idade":25,"Sexo":"Masculino","Item ID":30,"Nome do Item":"Stormcaller","Valor":4.15},{"Login":"Frichaya88","Idade":30,"Sexo":"Masculino","Item ID":51,"Nome do Item":"Endbringer","Valor":2.67},{"Login":"Marassanya92","Idade":27,"Sexo":"Masculino","Item ID":139,"Nome do Item":"Mercy, Katana of Dismay","Valor":4.37},{"Login":"Iskista96","Idade":34,"Sexo":"Masculino","Item ID":173,"Nome do Item":"Stormfury Longsword","Valor":4.83},{"Login":"Mindirra92","Idade":20,"Sexo":"Masculino","Item ID":55,"Nome do Item":"Vindictive Glass Edge","Valor":4.26},{"Login":"Chadossa56","Idade":37,"Sexo":"Feminino","Item ID":174,"Nome do Item":"Primitive Blade","Valor":2.46},{"Login":"Undirrala66","Idade":29,"Sexo":"Masculino","Item ID":115,"Nome do Item":"Spectral Diamond Doomblade","Valor":4.25},{"Login":"Eoda93","Idade":22,"Sexo":"Masculino","Item ID":35,"Nome do Item":"Heartless Bone Dualblade","Valor":2.63},{"Login":"Lassast89","Idade":20,"Sexo":"Feminino","Item ID":42,"Nome do Item":"The Decapitator","Valor":4.82},{"Login":"Philodil43","Idade":20,"Sexo":"Feminino","Item ID":13,"Nome do Item":"Serenity","Valor":1.49},{"Login":"Tyirithnu40","Idade":19,"Sexo":"Masculino","Item ID":160,"Nome do Item":"Azurewrath","Valor":2.22},{"Login":"Haerith37","Idade":25,"Sexo":"Masculino","Item ID":57,"Nome do Item":"Despair, Favor of Due Diligence","Valor":3.81},{"Login":"Jeyciman68","Idade":20,"Sexo":"Masculino","Item ID":152,"Nome do Item":"Darkheart","Valor":3.15},{"Login":"Chamirraya83","Idade":20,"Sexo":"Masculino","Item ID":130,"Nome do Item":"Alpha","Valor":1.56},{"Login":"Yasur85","Idade":23,"Sexo":"Masculino","Item ID":9,"Nome do Item":"Thorn, Conqueror of the Corrupted","Valor":2.04},{"Login":"Koikirra25","Idade":25,"Sexo":"Masculino","Item ID":84,"Nome do Item":"Arcane Gem","Valor":2.23},{"Login":"Qarwen67","Idade":11,"Sexo":"Masculino","Item ID":160,"Nome do Item":"Azurewrath","Valor":2.22},{"Login":"Quarunarn52","Idade":23,"Sexo":"Masculino","Item ID":46,"Nome do Item":"Hopeless Ebon Dualblade","Valor":4.75},{"Login":"Yasur35","Idade":19,"Sexo":"Masculino","Item ID":180,"Nome do Item":"Stormcaller","Valor":2.78},{"Login":"Isurriarap71","Idade":31,"Sexo":"Masculino","Item ID":102,"Nome do Item":"Avenger","Valor":4.16},{"Login":"Lassjask63","Idade":7,"Sexo":"Masculino","Item ID":175,"Nome do Item":"Woeful Adamantite Claymore","Valor":1.24},{"Login":"Iliel92","Idade":18,"Sexo":"Feminino","Item ID":53,"Nome do Item":"Vengeance Cleaver","Valor":3.7},{"Login":"Arithllorin55","Idade":19,"Sexo":"Masculino","Item ID":73,"Nome do Item":"Ritual Mace","Valor":3.74},{"Login":"Silideu44","Idade":22,"Sexo":"Masculino","Item ID":18,"Nome do Item":"Torchlight, Bond of Storms","Valor":1.77},{"Login":"Heosurnuru52","Idade":7,"Sexo":"Feminino","Item ID":10,"Nome do Item":"Sleepwalker","Valor":1.73},{"Login":"Raesty92","Idade":25,"Sexo":"Masculino","Item ID":34,"Nome do Item":"Retribution Axe","Valor":4.14},{"Login":"Eyircil84","Idade":23,"Sexo":"Feminino","Item ID":74,"Nome do Item":"Yearning Crusher","Valor":1.06},{"Login":"Isursti83","Idade":24,"Sexo":"Masculino","Item ID":140,"Nome do Item":"Striker","Valor":3.82},{"Login":"Eurinu48","Idade":23,"Sexo":"Feminino","Item ID":126,"Nome do Item":"Exiled Mithril Longsword","Valor":3.25},{"Login":"Saedaiphos46","Idade":24,"Sexo":"Masculino","Item ID":50,"Nome do Item":"Dawn","Valor":2.55},{"Login":"Undirrala66","Idade":29,"Sexo":"Masculino","Item ID":62,"Nome do Item":"Piece Maker","Valor":4.36},{"Login":"Jiskossa51","Idade":23,"Sexo":"Masculino","Item ID":125,"Nome do Item":"Whistling Mithril Warblade","Valor":4.32},{"Login":"Sundossast30","Idade":17,"Sexo":"Feminino","Item ID":108,"Nome do Item":"Extraction, Quickblade Of Trembling Hands","Valor":3.39},{"Login":"Ialallo29","Idade":23,"Sexo":"Masculino","Item ID":152,"Nome do Item":"Darkheart","Valor":3.15},{"Login":"Syasriria69","Idade":18,"Sexo":"Masculino","Item ID":68,"Nome do Item":"Storm-Weaver, Slayer of Inception","Valor":2.49},{"Login":"Chanosia60","Idade":16,"Sexo":"Masculino","Item ID":121,"Nome do Item":"Massacre","Valor":3.42},{"Login":"Ilosia37","Idade":13,"Sexo":"Feminino","Item ID":20,"Nome do Item":"Netherbane","Valor":1.48},{"Login":"Tyeulisu40","Idade":28,"Sexo":"Masculino","Item ID":129,"Nome do Item":"Fate, Vengeance of Eternal Justice","Valor":1.55},{"Login":"Yaliru88","Idade":22,"Sexo":"Masculino","Item ID":91,"Nome do Item":"Celeste","Valor":3.71},{"Login":"Jiskassa76","Idade":25,"Sexo":"Masculino","Item ID":149,"Nome do Item":"Tranquility, Razor of Black Magic","Valor":2.47},{"Login":"Idairin80","Idade":24,"Sexo":"Masculino","Item ID":12,"Nome do Item":"Dawne","Valor":4.3},{"Login":"Dyally87","Idade":17,"Sexo":"Masculino","Item ID":7,"Nome do Item":"Thorn, Satchel of Dark Souls","Valor":4.51},{"Login":"Quarusrion32","Idade":15,"Sexo":"Masculino","Item ID":175,"Nome do Item":"Woeful Adamantite Claymore","Valor":1.24},{"Login":"Adairialis76","Idade":20,"Sexo":"Masculino","Item ID":44,"Nome do Item":"Bonecarvin Battle Axe","Valor":2.46},{"Login":"Lirtilsan89","Idade":11,"Sexo":"Masculino","Item ID":71,"Nome do Item":"Demise","Valor":4.07},{"Login":"Reolacal36","Idade":23,"Sexo":"Masculino","Item ID":71,"Nome do Item":"Demise","Valor":4.07},{"Login":"Chadanto83","Idade":22,"Sexo":"Masculino","Item ID":158,"Nome do Item":"Darkheart, Butcher of the Champion","Valor":3.56},{"Login":"Lisirrast82","Idade":18,"Sexo":"Masculino","Item ID":14,"Nome do Item":"Possessed Core","Valor":1.59},{"Login":"Ilrian97","Idade":13,"Sexo":"Masculino","Item ID":175,"Nome do Item":"Woeful Adamantite Claymore","Valor":1.24},{"Login":"Tyadaru49","Idade":25,"Sexo":"Masculino","Item ID":58,"Nome do Item":"Freak's Bite, Favor of Holy Might","Valor":3.03},{"Login":"Sweecossa42","Idade":20,"Sexo":"Masculino","Item ID":37,"Nome do Item":"Shadow Strike, Glory of Ending Hope","Valor":1.93},{"Login":"Streural92","Idade":13,"Sexo":"Masculino","Item ID":17,"Nome do Item":"Lazarus, Terror of the Earth","Valor":3.47},{"Login":"Queusurra38","Idade":23,"Sexo":"Masculino","Item ID":155,"Nome do Item":"War-Forged Gold Deflector","Valor":3.73},{"Login":"Lassilsa41","Idade":27,"Sexo":"Feminino","Item ID":39,"Nome do Item":"Betrayal, Whisper of Grieving Widows","Valor":2.35},{"Login":"Aisurphos78","Idade":22,"Sexo":"Masculino","Item ID":105,"Nome do Item":"Hailstorm Shadowsteel Scythe","Valor":3.73},{"Login":"Marim28","Idade":17,"Sexo":"Feminino","Item ID":27,"Nome do Item":"Riddle, Tribute of Ended Dreams","Valor":3.96},{"Login":"Taeduenu92","Idade":20,"Sexo":"Masculino","Item ID":52,"Nome do Item":"Hatred","Valor":4.39},{"Login":"Eodailis27","Idade":25,"Sexo":"Feminino","Item ID":66,"Nome do Item":"Victor Iron Spikes","Valor":3.55},{"Login":"Lassjaskan73","Idade":20,"Sexo":"Masculino","Item ID":100,"Nome do Item":"Blindscythe","Valor":3.66},{"Login":"Yadanun74","Idade":25,"Sexo":"Masculino","Item ID":112,"Nome do Item":"Worldbreaker","Valor":3.29},{"Login":"Iskossasda43","Idade":21,"Sexo":"Masculino","Item ID":24,"Nome do Item":"Warped Fetish","Valor":2.41},{"Login":"Aesty51","Idade":15,"Sexo":"Masculino","Item ID":94,"Nome do Item":"Mourning Blade","Valor":1.82},{"Login":"Tyida79","Idade":23,"Sexo":"Masculino","Item ID":158,"Nome do Item":"Darkheart, Butcher of the Champion","Valor":3.56},{"Login":"Frichossast75","Idade":27,"Sexo":"Masculino","Item ID":107,"Nome do Item":"Splitter, Foe Of Subtlety","Valor":3.61},{"Login":"Eratiel90","Idade":20,"Sexo":"Masculino","Item ID":106,"Nome do Item":"Crying Steel Sickle","Valor":2.29},{"Login":"Eoda93","Idade":22,"Sexo":"Masculino","Item ID":173,"Nome do Item":"Stormfury Longsword","Valor":4.83},{"Login":"Chamirra53","Idade":15,"Sexo":"Masculino","Item ID":86,"Nome do Item":"Stormfury Lantern","Valor":1.28},{"Login":"Alarap40","Idade":17,"Sexo":"Masculino","Item ID":124,"Nome do Item":"Venom Claymore","Valor":2.72},{"Login":"Ralaeriadeu65","Idade":15,"Sexo":"Masculino","Item ID":102,"Nome do Item":"Avenger","Valor":4.16},{"Login":"Reulae52","Idade":9,"Sexo":"Masculino","Item ID":71,"Nome do Item":"Demise","Valor":4.07},{"Login":"Stryanastip77","Idade":21,"Sexo":"Masculino","Item ID":84,"Nome do Item":"Arcane Gem","Valor":2.23},{"Login":"Iskirra45","Idade":21,"Sexo":"Masculino","Item ID":106,"Nome do Item":"Crying Steel Sickle","Valor":2.29},{"Login":"Chadadarya31","Idade":30,"Sexo":"Masculino","Item ID":0,"Nome do Item":"Splinter","Valor":1.82},{"Login":"Heuli25","Idade":24,"Sexo":"Masculino","Item ID":182,"Nome do Item":"Toothpick","Valor":3.48},{"Login":"Raillydeu47","Idade":35,"Sexo":"Masculino","Item ID":34,"Nome do Item":"Retribution Axe","Valor":4.14},{"Login":"Chamadar61","Idade":21,"Sexo":"Masculino","Item ID":182,"Nome do Item":"Toothpick","Valor":3.48},{"Login":"Assassa38","Idade":34,"Sexo":"Outro \/ Não Divulgado","Item ID":155,"Nome do Item":"War-Forged Gold Deflector","Valor":3.73},{"Login":"Shaidanu32","Idade":15,"Sexo":"Masculino","Item ID":97,"Nome do Item":"Swan Song, Gouger Of Terror","Valor":3.58},{"Login":"Chanosiaya39","Idade":40,"Sexo":"Masculino","Item ID":70,"Nome do Item":"Hope's End","Valor":3.89},{"Login":"Raeri71","Idade":18,"Sexo":"Feminino","Item ID":89,"Nome do Item":"Blazefury, Protector of Delusions","Valor":1.5},{"Login":"Hiasri33","Idade":24,"Sexo":"Masculino","Item ID":1,"Nome do Item":"Crucifer","Valor":2.28},{"Login":"Lisossa25","Idade":24,"Sexo":"Masculino","Item ID":130,"Nome do Item":"Alpha","Valor":1.56},{"Login":"Sundassa93","Idade":23,"Sexo":"Feminino","Item ID":87,"Nome do Item":"Deluge, Edge of the West","Valor":2.2},{"Login":"Rina82","Idade":11,"Sexo":"Masculino","Item ID":170,"Nome do Item":"Shadowsteel","Valor":1.98},{"Login":"Siarinum43","Idade":22,"Sexo":"Masculino","Item ID":167,"Nome do Item":"Malice, Legacy of the Queen","Valor":2.38},{"Login":"Chanosiaya39","Idade":40,"Sexo":"Masculino","Item ID":144,"Nome do Item":"Blood Infused Guardian","Valor":2.86},{"Login":"Eurallo89","Idade":20,"Sexo":"Feminino","Item ID":93,"Nome do Item":"Apocalyptic Battlescythe","Valor":3.91},{"Login":"Hirirap39","Idade":20,"Sexo":"Masculino","Item ID":78,"Nome do Item":"Glimmer, Ender of the Moon","Valor":2.33},{"Login":"Raillydeu47","Idade":35,"Sexo":"Masculino","Item ID":179,"Nome do Item":"Wolf, Promise of the Moonwalker","Valor":1.88},{"Login":"Frichaya88","Idade":30,"Sexo":"Masculino","Item ID":36,"Nome do Item":"Spectral Bone Axe","Valor":2.98},{"Login":"Aidaira26","Idade":20,"Sexo":"Masculino","Item ID":75,"Nome do Item":"Brutality Ivory Warmace","Valor":1.72},{"Login":"Zontibe81","Idade":20,"Sexo":"Masculino","Item ID":91,"Nome do Item":"Celeste","Valor":3.71},{"Login":"Farusrian86","Idade":19,"Sexo":"Masculino","Item ID":101,"Nome do Item":"Final Critic","Valor":4.62},{"Login":"Undadarla37","Idade":24,"Sexo":"Masculino","Item ID":39,"Nome do Item":"Betrayal, Whisper of Grieving Widows","Valor":2.35},{"Login":"Lirtossa78","Idade":14,"Sexo":"Masculino","Item ID":160,"Nome do Item":"Azurewrath","Valor":2.22},{"Login":"Chanirra56","Idade":20,"Sexo":"Masculino","Item ID":89,"Nome do Item":"Blazefury, Protector of Delusions","Valor":1.5},{"Login":"Lassast89","Idade":20,"Sexo":"Feminino","Item ID":65,"Nome do Item":"Conqueror Adamantite Mace","Valor":1.96},{"Login":"Lisasi93","Idade":18,"Sexo":"Masculino","Item ID":44,"Nome do Item":"Bonecarvin Battle Axe","Valor":2.46},{"Login":"Phadai31","Idade":30,"Sexo":"Feminino","Item ID":180,"Nome do Item":"Stormcaller","Valor":2.78},{"Login":"Tyithesura58","Idade":22,"Sexo":"Masculino","Item ID":143,"Nome do Item":"Frenzied Scimitar","Valor":2.6},{"Login":"Marilsa48","Idade":12,"Sexo":"Masculino","Item ID":137,"Nome do Item":"Aetherius, Boon of the Blessed","Valor":4.75},{"Login":"Siarithria38","Idade":24,"Sexo":"Masculino","Item ID":176,"Nome do Item":"Relentless Iron Skewer","Valor":2.97},{"Login":"Lisasi93","Idade":18,"Sexo":"Masculino","Item ID":148,"Nome do Item":"Warmonger, Gift of Suffering's End","Valor":3.96},{"Login":"Marirrasta50","Idade":19,"Sexo":"Masculino","Item ID":127,"Nome do Item":"Heartseeker, Reaver of Souls","Valor":3.21},{"Login":"Airidil41","Idade":17,"Sexo":"Masculino","Item ID":147,"Nome do Item":"Hellreaver, Heirloom of Inception","Valor":3.59},{"Login":"Sausosia74","Idade":25,"Sexo":"Masculino","Item ID":161,"Nome do Item":"Devine","Valor":1.45},{"Login":"Yadanun74","Idade":25,"Sexo":"Masculino","Item ID":154,"Nome do Item":"Feral Katana","Valor":2.19},{"Login":"Sialaera37","Idade":22,"Sexo":"Feminino","Item ID":13,"Nome do Item":"Serenity","Valor":1.49},{"Login":"Frichistasta59","Idade":33,"Sexo":"Outro \/ Não Divulgado","Item ID":157,"Nome do Item":"Spada, Etcher of Hatred","Valor":2.21},{"Login":"Phadue96","Idade":22,"Sexo":"Masculino","Item ID":152,"Nome do Item":"Darkheart","Valor":3.15},{"Login":"Chanirra79","Idade":24,"Sexo":"Masculino","Item ID":176,"Nome do Item":"Relentless Iron Skewer","Valor":2.97},{"Login":"Yarmol79","Idade":40,"Sexo":"Masculino","Item ID":111,"Nome do Item":"Misery's End","Valor":2.91},{"Login":"Astydil38","Idade":24,"Sexo":"Masculino","Item ID":127,"Nome do Item":"Heartseeker, Reaver of Souls","Valor":3.21},{"Login":"Jiskirran77","Idade":27,"Sexo":"Feminino","Item ID":148,"Nome do Item":"Warmonger, Gift of Suffering's End","Valor":3.96},{"Login":"Marjasksda39","Idade":20,"Sexo":"Feminino","Item ID":154,"Nome do Item":"Feral Katana","Valor":2.19},{"Login":"Eoralphos86","Idade":13,"Sexo":"Feminino","Item ID":116,"Nome do Item":"Renewed Skeletal Katana","Valor":2.37},{"Login":"Lisovynya38","Idade":18,"Sexo":"Masculino","Item ID":106,"Nome do Item":"Crying Steel Sickle","Valor":2.29},{"Login":"Hailaphos89","Idade":20,"Sexo":"Masculino","Item ID":31,"Nome do Item":"Trickster","Valor":2.07},{"Login":"Frichim77","Idade":27,"Sexo":"Masculino","Item ID":148,"Nome do Item":"Warmonger, Gift of Suffering's End","Valor":3.96},{"Login":"Aellyrialis39","Idade":33,"Sexo":"Masculino","Item ID":152,"Nome do Item":"Darkheart","Valor":3.15},{"Login":"Chamilsan75","Idade":24,"Sexo":"Feminino","Item ID":61,"Nome do Item":"Ragnarok","Valor":3.97},{"Login":"Saida58","Idade":24,"Sexo":"Masculino","Item ID":131,"Nome do Item":"Fury","Valor":4.82},{"Login":"Eusri70","Idade":30,"Sexo":"Masculino","Item ID":41,"Nome do Item":"Orbit","Valor":1.16},{"Login":"Aeduera68","Idade":26,"Sexo":"Masculino","Item ID":106,"Nome do Item":"Crying Steel Sickle","Valor":2.29},{"Login":"Qilatie51","Idade":20,"Sexo":"Masculino","Item ID":152,"Nome do Item":"Darkheart","Valor":3.15},{"Login":"Chamistast30","Idade":25,"Sexo":"Feminino","Item ID":92,"Nome do Item":"Final Critic","Valor":1.36},{"Login":"Qiluard68","Idade":20,"Sexo":"Masculino","Item ID":32,"Nome do Item":"Orenmir","Valor":4.95},{"Login":"Tyaelo67","Idade":24,"Sexo":"Masculino","Item ID":145,"Nome do Item":"Fiery Glass Crusader","Valor":4.45},{"Login":"Rithe77","Idade":26,"Sexo":"Feminino","Item ID":129,"Nome do Item":"Fate, Vengeance of Eternal Justice","Valor":1.55},{"Login":"Tyeosristi57","Idade":15,"Sexo":"Masculino","Item ID":140,"Nome do Item":"Striker","Valor":3.82},{"Login":"Lassjaskan73","Idade":20,"Sexo":"Masculino","Item ID":125,"Nome do Item":"Whistling Mithril Warblade","Valor":4.32},{"Login":"Eoral49","Idade":16,"Sexo":"Feminino","Item ID":60,"Nome do Item":"Wolf","Valor":1.84},{"Login":"Aelollo59","Idade":25,"Sexo":"Masculino","Item ID":129,"Nome do Item":"Fate, Vengeance of Eternal Justice","Valor":1.55},{"Login":"Lisossa63","Idade":24,"Sexo":"Masculino","Item ID":123,"Nome do Item":"Twilight's Carver","Valor":1.14},{"Login":"Wailin72","Idade":35,"Sexo":"Masculino","Item ID":162,"Nome do Item":"Abyssal Shard","Valor":2.04},{"Login":"Yarithllodeu72","Idade":22,"Sexo":"Masculino","Item ID":154,"Nome do Item":"Feral Katana","Valor":2.19},{"Login":"Lisistaya47","Idade":7,"Sexo":"Masculino","Item ID":121,"Nome do Item":"Massacre","Valor":3.42},{"Login":"Chamadar27","Idade":40,"Sexo":"Feminino","Item ID":49,"Nome do Item":"The Oculus, Token of Lost Worlds","Valor":4.23},{"Login":"Ethruard50","Idade":24,"Sexo":"Feminino","Item ID":58,"Nome do Item":"Freak's Bite, Favor of Holy Might","Valor":3.03},{"Login":"Lisossa63","Idade":24,"Sexo":"Masculino","Item ID":121,"Nome do Item":"Massacre","Valor":3.42},{"Login":"Yathecal72","Idade":32,"Sexo":"Masculino","Item ID":135,"Nome do Item":"Warped Diamond Crusader","Valor":4.66},{"Login":"Ilimya66","Idade":27,"Sexo":"Feminino","Item ID":182,"Nome do Item":"Toothpick","Valor":3.48},{"Login":"Ialistidru50","Idade":21,"Sexo":"Masculino","Item ID":157,"Nome do Item":"Spada, Etcher of Hatred","Valor":2.21},{"Login":"Tyaerith73","Idade":21,"Sexo":"Outro \/ Não Divulgado","Item ID":183,"Nome do Item":"Dragon's Greatsword","Valor":2.36},{"Login":"Lisistasya93","Idade":30,"Sexo":"Masculino","Item ID":8,"Nome do Item":"Purgatory, Gem of Regret","Valor":3.91},{"Login":"Chamadar79","Idade":20,"Sexo":"Masculino","Item ID":12,"Nome do Item":"Dawne","Valor":4.3},{"Login":"Haerith37","Idade":25,"Sexo":"Masculino","Item ID":23,"Nome do Item":"Crucifer","Valor":2.77},{"Login":"Iallyphos37","Idade":20,"Sexo":"Masculino","Item ID":40,"Nome do Item":"Second Chance","Valor":2.34},{"Login":"Tyaelo67","Idade":24,"Sexo":"Masculino","Item ID":15,"Nome do Item":"Soul Infused Crystal","Valor":1.03},{"Login":"Ilogha82","Idade":25,"Sexo":"Masculino","Item ID":115,"Nome do Item":"Spectral Diamond Doomblade","Valor":4.25},{"Login":"Aeri84","Idade":19,"Sexo":"Feminino","Item ID":115,"Nome do Item":"Spectral Diamond Doomblade","Valor":4.25},{"Login":"Ilaesudil92","Idade":22,"Sexo":"Masculino","Item ID":1,"Nome do Item":"Crucifer","Valor":2.28},{"Login":"Meosridil82","Idade":15,"Sexo":"Masculino","Item ID":149,"Nome do Item":"Tranquility, Razor of Black Magic","Valor":2.47},{"Login":"Undirrasta89","Idade":21,"Sexo":"Masculino","Item ID":1,"Nome do Item":"Crucifer","Valor":2.28},{"Login":"Lirtistanya48","Idade":27,"Sexo":"Masculino","Item ID":121,"Nome do Item":"Massacre","Valor":3.42},{"Login":"Iadueria43","Idade":22,"Sexo":"Masculino","Item ID":17,"Nome do Item":"Lazarus, Terror of the Earth","Valor":3.47},{"Login":"Chanirrala39","Idade":24,"Sexo":"Masculino","Item ID":154,"Nome do Item":"Feral Katana","Valor":2.19},{"Login":"Lisjaskan36","Idade":25,"Sexo":"Feminino","Item ID":97,"Nome do Item":"Swan Song, Gouger Of Terror","Valor":3.58},{"Login":"Saedue76","Idade":25,"Sexo":"Masculino","Item ID":13,"Nome do Item":"Serenity","Valor":1.49},{"Login":"Undjasksya56","Idade":9,"Sexo":"Masculino","Item ID":99,"Nome do Item":"Expiration, Warscythe Of Lost Worlds","Valor":4.53},{"Login":"Irithrap69","Idade":24,"Sexo":"Masculino","Item ID":46,"Nome do Item":"Hopeless Ebon Dualblade","Valor":4.75},{"Login":"Quanenrian83","Idade":21,"Sexo":"Masculino","Item ID":29,"Nome do Item":"Chaos, Ender of the End","Valor":3.79},{"Login":"Phenastya51","Idade":18,"Sexo":"Masculino","Item ID":137,"Nome do Item":"Aetherius, Boon of the Blessed","Valor":4.75},{"Login":"Marassaya49","Idade":45,"Sexo":"Masculino","Item ID":124,"Nome do Item":"Venom Claymore","Valor":2.72},{"Login":"Saellyra72","Idade":24,"Sexo":"Masculino","Item ID":8,"Nome do Item":"Purgatory, Gem of Regret","Valor":3.91},{"Login":"Yasrisu92","Idade":39,"Sexo":"Feminino","Item ID":143,"Nome do Item":"Frenzied Scimitar","Valor":2.6},{"Login":"Frichistasta59","Idade":33,"Sexo":"Outro \/ Não Divulgado","Item ID":65,"Nome do Item":"Conqueror Adamantite Mace","Valor":1.96},{"Login":"Qilanrion65","Idade":15,"Sexo":"Masculino","Item ID":36,"Nome do Item":"Spectral Bone Axe","Valor":2.98},{"Login":"Chanassa48","Idade":37,"Sexo":"Masculino","Item ID":72,"Nome do Item":"Winter's Bite","Valor":1.39},{"Login":"Iskassa50","Idade":29,"Sexo":"Masculino","Item ID":114,"Nome do Item":"Yearning Mageblade","Valor":1.79},{"Login":"Frichjaskan98","Idade":7,"Sexo":"Masculino","Item ID":77,"Nome do Item":"Piety, Guardian of Riddles","Valor":3.68},{"Login":"Sirira97","Idade":25,"Sexo":"Masculino","Item ID":117,"Nome do Item":"Heartstriker, Legacy of the Light","Valor":4.15},{"Login":"Eoduenurin62","Idade":25,"Sexo":"Masculino","Item ID":13,"Nome do Item":"Serenity","Valor":1.49},{"Login":"Yarirarn35","Idade":20,"Sexo":"Masculino","Item ID":79,"Nome do Item":"Alpha, Oath of Zeal","Valor":2.88},{"Login":"Yadanun74","Idade":25,"Sexo":"Masculino","Item ID":107,"Nome do Item":"Splitter, Foe Of Subtlety","Valor":3.61},{"Login":"Aillycal84","Idade":12,"Sexo":"Outro \/ Não Divulgado","Item ID":128,"Nome do Item":"Blazeguard, Reach of Eternity","Valor":4.0},{"Login":"Eosur70","Idade":22,"Sexo":"Masculino","Item ID":128,"Nome do Item":"Blazeguard, Reach of Eternity","Valor":4.0},{"Login":"Chanadar44","Idade":29,"Sexo":"Masculino","Item ID":107,"Nome do Item":"Splitter, Foe Of Subtlety","Valor":3.61},{"Login":"Lisimsda29","Idade":20,"Sexo":"Masculino","Item ID":171,"Nome do Item":"Scalpel","Valor":3.62},{"Login":"Tyidue95","Idade":23,"Sexo":"Masculino","Item ID":85,"Nome do Item":"Malificent Bag","Valor":2.17},{"Login":"Yaralnura48","Idade":40,"Sexo":"Masculino","Item ID":47,"Nome do Item":"Alpha, Reach of Ending Hope","Valor":1.55},{"Login":"Irillo49","Idade":29,"Sexo":"Masculino","Item ID":48,"Nome do Item":"Rage, Legacy of the Lone Victor","Valor":4.32},{"Login":"Isri59","Idade":35,"Sexo":"Masculino","Item ID":73,"Nome do Item":"Ritual Mace","Valor":3.74},{"Login":"Lisjaskan36","Idade":25,"Sexo":"Feminino","Item ID":88,"Nome do Item":"Emberling, Defender of Delusions","Valor":4.1},{"Login":"Aiduecal76","Idade":29,"Sexo":"Masculino","Item ID":78,"Nome do Item":"Glimmer, Ender of the Moon","Valor":2.33},{"Login":"Frichosiala98","Idade":25,"Sexo":"Masculino","Item ID":54,"Nome do Item":"Eternal Cleaver","Valor":3.14},{"Login":"Deelilsasya30","Idade":23,"Sexo":"Masculino","Item ID":170,"Nome do Item":"Shadowsteel","Valor":1.98},{"Login":"Mindilsa60","Idade":23,"Sexo":"Masculino","Item ID":99,"Nome do Item":"Expiration, Warscythe Of Lost Worlds","Valor":4.53},{"Login":"Iladarla40","Idade":8,"Sexo":"Masculino","Item ID":79,"Nome do Item":"Alpha, Oath of Zeal","Valor":2.88},{"Login":"Chrathybust28","Idade":25,"Sexo":"Masculino","Item ID":104,"Nome do Item":"Gladiator's Glaive","Valor":1.36},{"Login":"Yarithsurgue62","Idade":7,"Sexo":"Masculino","Item ID":53,"Nome do Item":"Vengeance Cleaver","Valor":3.7},{"Login":"Lisistaya47","Idade":7,"Sexo":"Masculino","Item ID":121,"Nome do Item":"Massacre","Valor":3.42},{"Login":"Mindossa76","Idade":21,"Sexo":"Masculino","Item ID":95,"Nome do Item":"Singed Onyx Warscythe","Valor":1.03},{"Login":"Assilsan72","Idade":20,"Sexo":"Masculino","Item ID":64,"Nome do Item":"Fusion Pummel","Valor":3.58},{"Login":"Frichosiala98","Idade":25,"Sexo":"Masculino","Item ID":135,"Nome do Item":"Warped Diamond Crusader","Valor":4.66},{"Login":"Assassa43","Idade":22,"Sexo":"Masculino","Item ID":70,"Nome do Item":"Hope's End","Valor":3.89},{"Login":"Yarolwen77","Idade":24,"Sexo":"Masculino","Item ID":84,"Nome do Item":"Arcane Gem","Valor":2.23},{"Login":"Faralcil63","Idade":26,"Sexo":"Outro \/ Não Divulgado","Item ID":141,"Nome do Item":"Persuasion","Valor":3.27},{"Login":"Sondilsa40","Idade":18,"Sexo":"Masculino","Item ID":119,"Nome do Item":"Stormbringer, Dark Blade of Ending Misery","Valor":2.32},{"Login":"Lisossan98","Idade":15,"Sexo":"Masculino","Item ID":99,"Nome do Item":"Expiration, Warscythe Of Lost Worlds","Valor":4.53},{"Login":"Chadossa89","Idade":22,"Sexo":"Masculino","Item ID":44,"Nome do Item":"Bonecarvin Battle Axe","Valor":2.46},{"Login":"Eosrirgue62","Idade":34,"Sexo":"Masculino","Item ID":183,"Nome do Item":"Dragon's Greatsword","Valor":2.36},{"Login":"Lassilsa41","Idade":27,"Sexo":"Feminino","Item ID":31,"Nome do Item":"Trickster","Valor":2.07},{"Login":"Sondastan54","Idade":31,"Sexo":"Masculino","Item ID":173,"Nome do Item":"Stormfury Longsword","Valor":4.83},{"Login":"Filrion44","Idade":22,"Sexo":"Masculino","Item ID":98,"Nome do Item":"Deadline, Voice Of Subtlety","Valor":3.62},{"Login":"Lassassasda30","Idade":15,"Sexo":"Masculino","Item ID":102,"Nome do Item":"Avenger","Valor":4.16},{"Login":"Aidain51","Idade":26,"Sexo":"Masculino","Item ID":180,"Nome do Item":"Stormcaller","Valor":2.78},{"Login":"Aduephos78","Idade":37,"Sexo":"Masculino","Item ID":79,"Nome do Item":"Alpha, Oath of Zeal","Valor":2.88},{"Login":"Hainaria90","Idade":21,"Sexo":"Masculino","Item ID":108,"Nome do Item":"Extraction, Quickblade Of Trembling Hands","Valor":3.39},{"Login":"Eusri70","Idade":30,"Sexo":"Masculino","Item ID":131,"Nome do Item":"Fury","Valor":4.82},{"Login":"Raerithsti62","Idade":18,"Sexo":"Masculino","Item ID":115,"Nome do Item":"Spectral Diamond Doomblade","Valor":4.25},{"Login":"Aerithllora36","Idade":29,"Sexo":"Masculino","Item ID":68,"Nome do Item":"Storm-Weaver, Slayer of Inception","Valor":2.49},{"Login":"Reuthelis39","Idade":20,"Sexo":"Feminino","Item ID":33,"Nome do Item":"Curved Axe","Valor":1.35},{"Login":"Sundaststa26","Idade":22,"Sexo":"Feminino","Item ID":145,"Nome do Item":"Fiery Glass Crusader","Valor":4.45},{"Login":"Aelin32","Idade":24,"Sexo":"Masculino","Item ID":54,"Nome do Item":"Eternal Cleaver","Valor":3.14},{"Login":"Sundadarla27","Idade":20,"Sexo":"Masculino","Item ID":12,"Nome do Item":"Dawne","Valor":4.3},{"Login":"Aeliru63","Idade":22,"Sexo":"Masculino","Item ID":173,"Nome do Item":"Stormfury Longsword","Valor":4.83},{"Login":"Mindilsa60","Idade":23,"Sexo":"Masculino","Item ID":60,"Nome do Item":"Wolf","Valor":1.84},{"Login":"Lisista27","Idade":42,"Sexo":"Masculino","Item ID":110,"Nome do Item":"Suspension","Valor":2.11},{"Login":"Narirra38","Idade":23,"Sexo":"Feminino","Item ID":76,"Nome do Item":"Haunted Bronzed Bludgeon","Valor":4.12},{"Login":"Eustyria89","Idade":18,"Sexo":"Masculino","Item ID":137,"Nome do Item":"Aetherius, Boon of the Blessed","Valor":4.75},{"Login":"Phistym51","Idade":22,"Sexo":"Masculino","Item ID":29,"Nome do Item":"Chaos, Ender of the End","Valor":3.79},{"Login":"Salilis27","Idade":23,"Sexo":"Feminino","Item ID":130,"Nome do Item":"Alpha","Valor":1.56},{"Login":"Layjask75","Idade":27,"Sexo":"Masculino","Item ID":102,"Nome do Item":"Avenger","Valor":4.16},{"Login":"Tyaeristi78","Idade":24,"Sexo":"Feminino","Item ID":47,"Nome do Item":"Alpha, Reach of Ending Hope","Valor":1.55},{"Login":"Lirtyrdesta65","Idade":19,"Sexo":"Masculino","Item ID":60,"Nome do Item":"Wolf","Valor":1.84},{"Login":"Syalollorap93","Idade":20,"Sexo":"Masculino","Item ID":7,"Nome do Item":"Thorn, Satchel of Dark Souls","Valor":4.51},{"Login":"Assylla81","Idade":22,"Sexo":"Masculino","Item ID":125,"Nome do Item":"Whistling Mithril Warblade","Valor":4.32},{"Login":"Eurisuru25","Idade":27,"Sexo":"Outro \/ Não Divulgado","Item ID":61,"Nome do Item":"Ragnarok","Valor":3.97},{"Login":"Narirra38","Idade":23,"Sexo":"Feminino","Item ID":12,"Nome do Item":"Dawne","Valor":4.3},{"Login":"Mindjasksya61","Idade":20,"Sexo":"Masculino","Item ID":70,"Nome do Item":"Hope's End","Valor":3.89},{"Login":"Eusri44","Idade":21,"Sexo":"Masculino","Item ID":50,"Nome do Item":"Dawn","Valor":2.55},{"Login":"Aeliru63","Idade":22,"Sexo":"Masculino","Item ID":30,"Nome do Item":"Stormcaller","Valor":4.15},{"Login":"Rarith48","Idade":20,"Sexo":"Masculino","Item ID":15,"Nome do Item":"Soul Infused Crystal","Valor":1.03},{"Login":"Yalaeria91","Idade":16,"Sexo":"Masculino","Item ID":179,"Nome do Item":"Wolf, Promise of the Moonwalker","Valor":1.88},{"Login":"Iskadarya95","Idade":15,"Sexo":"Masculino","Item ID":173,"Nome do Item":"Stormfury Longsword","Valor":4.83},{"Login":"Saedue76","Idade":25,"Sexo":"Masculino","Item ID":140,"Nome do Item":"Striker","Valor":3.82},{"Login":"Lisossanya98","Idade":17,"Sexo":"Masculino","Item ID":84,"Nome do Item":"Arcane Gem","Valor":2.23},{"Login":"Iarithdil76","Idade":20,"Sexo":"Masculino","Item ID":57,"Nome do Item":"Despair, Favor of Due Diligence","Valor":3.81},{"Login":"Chanosia60","Idade":16,"Sexo":"Masculino","Item ID":169,"Nome do Item":"Interrogator, Blood Blade of the Queen","Valor":3.32},{"Login":"Aeliriarin93","Idade":20,"Sexo":"Masculino","Item ID":9,"Nome do Item":"Thorn, Conqueror of the Corrupted","Valor":2.04},{"Login":"Raedalis34","Idade":15,"Sexo":"Feminino","Item ID":50,"Nome do Item":"Dawn","Valor":2.55},{"Login":"Meosridil82","Idade":15,"Sexo":"Masculino","Item ID":33,"Nome do Item":"Curved Axe","Valor":1.35},{"Login":"Sondossa55","Idade":12,"Sexo":"Masculino","Item ID":66,"Nome do Item":"Victor Iron Spikes","Valor":3.55},{"Login":"Iadueria43","Idade":22,"Sexo":"Masculino","Item ID":15,"Nome do Item":"Soul Infused Crystal","Valor":1.03},{"Login":"Lisico81","Idade":17,"Sexo":"Masculino","Item ID":14,"Nome do Item":"Possessed Core","Valor":1.59},{"Login":"Ialo60","Idade":24,"Sexo":"Masculino","Item ID":146,"Nome do Item":"Warped Iron Scimitar","Valor":4.08},{"Login":"Syathe73","Idade":22,"Sexo":"Masculino","Item ID":177,"Nome do Item":"Winterthorn, Defender of Shifting Worlds","Valor":4.89},{"Login":"Lisassa26","Idade":33,"Sexo":"Masculino","Item ID":166,"Nome do Item":"Thirsty Iron Reaver","Valor":4.25},{"Login":"Rasrirgue43","Idade":21,"Sexo":"Masculino","Item ID":93,"Nome do Item":"Apocalyptic Battlescythe","Valor":3.91},{"Login":"Aerillorin70","Idade":25,"Sexo":"Masculino","Item ID":179,"Nome do Item":"Wolf, Promise of the Moonwalker","Valor":1.88},{"Login":"Quelatarn54","Idade":22,"Sexo":"Masculino","Item ID":56,"Nome do Item":"Foul Titanium Battle Axe","Valor":4.33},{"Login":"Airithrin43","Idade":31,"Sexo":"Feminino","Item ID":22,"Nome do Item":"Amnesia","Valor":3.57},{"Login":"Mindirra92","Idade":20,"Sexo":"Masculino","Item ID":84,"Nome do Item":"Arcane Gem","Valor":2.23},{"Login":"Lisjasksda68","Idade":26,"Sexo":"Feminino","Item ID":85,"Nome do Item":"Malificent Bag","Valor":2.17},{"Login":"Aerithnuphos61","Idade":25,"Sexo":"Masculino","Item ID":172,"Nome do Item":"Blade of the Grave","Valor":1.69},{"Login":"Sundast29","Idade":40,"Sexo":"Masculino","Item ID":65,"Nome do Item":"Conqueror Adamantite Mace","Valor":1.96},{"Login":"Lirtosia72","Idade":14,"Sexo":"Masculino","Item ID":87,"Nome do Item":"Deluge, Edge of the West","Valor":2.2},{"Login":"Aeliriam77","Idade":20,"Sexo":"Masculino","Item ID":32,"Nome do Item":"Orenmir","Valor":4.95},{"Login":"Lisirra55","Idade":7,"Sexo":"Feminino","Item ID":21,"Nome do Item":"Souleater","Valor":3.27},{"Login":"Aeral97","Idade":14,"Sexo":"Masculino","Item ID":39,"Nome do Item":"Betrayal, Whisper of Grieving Widows","Valor":2.35},{"Login":"Lisosiast26","Idade":36,"Sexo":"Masculino","Item ID":39,"Nome do Item":"Betrayal, Whisper of Grieving Widows","Valor":2.35},{"Login":"Yathecal72","Idade":32,"Sexo":"Masculino","Item ID":16,"Nome do Item":"Restored Bauble","Valor":3.11},{"Login":"Lirtistasta79","Idade":23,"Sexo":"Masculino","Item ID":31,"Nome do Item":"Trickster","Valor":2.07},{"Login":"Lisadar44","Idade":31,"Sexo":"Masculino","Item ID":67,"Nome do Item":"Celeste, Incarnation of the Corrupted","Valor":2.31},{"Login":"Jiskossa51","Idade":23,"Sexo":"Masculino","Item ID":133,"Nome do Item":"Faith's Scimitar","Valor":3.82},{"Login":"Qilatie51","Idade":20,"Sexo":"Masculino","Item ID":100,"Nome do Item":"Blindscythe","Valor":3.66},{"Login":"Eusri70","Idade":30,"Sexo":"Masculino","Item ID":153,"Nome do Item":"Mercenary Sabre","Valor":4.57},{"Login":"Isurria36","Idade":18,"Sexo":"Feminino","Item ID":118,"Nome do Item":"Ghost Reaver, Longsword of Magic","Valor":2.77},{"Login":"Sundastnya66","Idade":7,"Sexo":"Masculino","Item ID":151,"Nome do Item":"Severance","Valor":1.85},{"Login":"Raesursurap33","Idade":20,"Sexo":"Masculino","Item ID":81,"Nome do Item":"Dreamkiss","Valor":4.06},{"Login":"Sondassasya91","Idade":23,"Sexo":"Masculino","Item ID":94,"Nome do Item":"Mourning Blade","Valor":1.82},{"Login":"Ermol76","Idade":23,"Sexo":"Masculino","Item ID":114,"Nome do Item":"Yearning Mageblade","Valor":1.79},{"Login":"Eosurdru76","Idade":7,"Sexo":"Feminino","Item ID":77,"Nome do Item":"Piety, Guardian of Riddles","Valor":3.68},{"Login":"Yadaisuir65","Idade":22,"Sexo":"Masculino","Item ID":42,"Nome do Item":"The Decapitator","Valor":4.82},{"Login":"Zhisrisu83","Idade":17,"Sexo":"Masculino","Item ID":33,"Nome do Item":"Curved Axe","Valor":1.35},{"Login":"Aduephos78","Idade":37,"Sexo":"Masculino","Item ID":174,"Nome do Item":"Primitive Blade","Valor":2.46},{"Login":"Sondassa68","Idade":30,"Sexo":"Masculino","Item ID":69,"Nome do Item":"Frenzy, Defender of the Harvest","Valor":1.06},{"Login":"Chamirraya83","Idade":20,"Sexo":"Masculino","Item ID":141,"Nome do Item":"Persuasion","Valor":3.27},{"Login":"Alaephos75","Idade":22,"Sexo":"Masculino","Item ID":34,"Nome do Item":"Retribution Axe","Valor":4.14},{"Login":"Haellysu29","Idade":21,"Sexo":"Masculino","Item ID":166,"Nome do Item":"Thirsty Iron Reaver","Valor":4.25},{"Login":"Yarithphos28","Idade":25,"Sexo":"Masculino","Item ID":39,"Nome do Item":"Betrayal, Whisper of Grieving Widows","Valor":2.35},{"Login":"Ingatcil75","Idade":7,"Sexo":"Masculino","Item ID":66,"Nome do Item":"Victor Iron Spikes","Valor":3.55},{"Login":"Eothe56","Idade":30,"Sexo":"Masculino","Item ID":143,"Nome do Item":"Frenzied Scimitar","Valor":2.6},{"Login":"Haerith37","Idade":25,"Sexo":"Masculino","Item ID":158,"Nome do Item":"Darkheart, Butcher of the Champion","Valor":3.56},{"Login":"Assithasta65","Idade":23,"Sexo":"Masculino","Item ID":107,"Nome do Item":"Splitter, Foe Of Subtlety","Valor":3.61},{"Login":"Ethruard50","Idade":24,"Sexo":"Feminino","Item ID":51,"Nome do Item":"Endbringer","Valor":2.67},{"Login":"Palurrian69","Idade":15,"Sexo":"Masculino","Item ID":32,"Nome do Item":"Orenmir","Valor":4.95},{"Login":"Iskistasda86","Idade":37,"Sexo":"Masculino","Item ID":34,"Nome do Item":"Retribution Axe","Valor":4.14},{"Login":"Tyaili86","Idade":17,"Sexo":"Feminino","Item ID":86,"Nome do Item":"Stormfury Lantern","Valor":1.28},{"Login":"Liawista80","Idade":32,"Sexo":"Masculino","Item ID":141,"Nome do Item":"Persuasion","Valor":3.27},{"Login":"Seosri62","Idade":35,"Sexo":"Masculino","Item ID":159,"Nome do Item":"Oathbreaker, Spellblade of Trials","Valor":3.01},{"Login":"Silinu63","Idade":9,"Sexo":"Masculino","Item ID":16,"Nome do Item":"Restored Bauble","Valor":3.11},{"Login":"Aela49","Idade":25,"Sexo":"Masculino","Item ID":44,"Nome do Item":"Bonecarvin Battle Axe","Valor":2.46},{"Login":"Assosiasta83","Idade":20,"Sexo":"Masculino","Item ID":38,"Nome do Item":"The Void, Vengeance of Dark Magic","Valor":2.82},{"Login":"Saelollop56","Idade":40,"Sexo":"Feminino","Item ID":77,"Nome do Item":"Piety, Guardian of Riddles","Valor":3.68},{"Login":"Saena74","Idade":35,"Sexo":"Feminino","Item ID":108,"Nome do Item":"Extraction, Quickblade Of Trembling Hands","Valor":3.39},{"Login":"Tyaelistidru84","Idade":25,"Sexo":"Feminino","Item ID":96,"Nome do Item":"Blood-Forged Skeletal Spine","Valor":4.77},{"Login":"Chamirrasya33","Idade":20,"Sexo":"Masculino","Item ID":82,"Nome do Item":"Nirvana","Valor":1.11},{"Login":"Smecherdi88","Idade":15,"Sexo":"Masculino","Item ID":27,"Nome do Item":"Riddle, Tribute of Ended Dreams","Valor":3.96},{"Login":"Leulaesti78","Idade":17,"Sexo":"Masculino","Item ID":121,"Nome do Item":"Massacre","Valor":3.42},{"Login":"Tyaenasti87","Idade":8,"Sexo":"Masculino","Item ID":65,"Nome do Item":"Conqueror Adamantite Mace","Valor":1.96},{"Login":"Sondassa48","Idade":22,"Sexo":"Masculino","Item ID":113,"Nome do Item":"Solitude's Reaver","Valor":2.67},{"Login":"Deural48","Idade":11,"Sexo":"Feminino","Item ID":46,"Nome do Item":"Hopeless Ebon Dualblade","Valor":4.75},{"Login":"Saistydru69","Idade":22,"Sexo":"Masculino","Item ID":76,"Nome do Item":"Haunted Bronzed Bludgeon","Valor":4.12},{"Login":"Chamosia29","Idade":24,"Sexo":"Masculino","Item ID":39,"Nome do Item":"Betrayal, Whisper of Grieving Widows","Valor":2.35},{"Login":"Saisrilis27","Idade":21,"Sexo":"Masculino","Item ID":108,"Nome do Item":"Extraction, Quickblade Of Trembling Hands","Valor":3.39},{"Login":"Indonmol95","Idade":15,"Sexo":"Masculino","Item ID":106,"Nome do Item":"Crying Steel Sickle","Valor":2.29},{"Login":"Fironon91","Idade":20,"Sexo":"Feminino","Item ID":45,"Nome do Item":"Glinting Glass Edge","Valor":2.46},{"Login":"Ryanara76","Idade":23,"Sexo":"Masculino","Item ID":27,"Nome do Item":"Riddle, Tribute of Ended Dreams","Valor":3.96},{"Login":"Saedue76","Idade":25,"Sexo":"Masculino","Item ID":7,"Nome do Item":"Thorn, Satchel of Dark Souls","Valor":4.51},{"Login":"Lirtossanya27","Idade":24,"Sexo":"Feminino","Item ID":114,"Nome do Item":"Yearning Mageblade","Valor":1.79},{"Login":"Sondadar26","Idade":24,"Sexo":"Masculino","Item ID":34,"Nome do Item":"Retribution Axe","Valor":4.14},{"Login":"Phalinun47","Idade":15,"Sexo":"Masculino","Item ID":10,"Nome do Item":"Sleepwalker","Valor":1.73},{"Login":"Chamistast30","Idade":25,"Sexo":"Feminino","Item ID":92,"Nome do Item":"Final Critic","Valor":1.36},{"Login":"Hiarideu73","Idade":25,"Sexo":"Masculino","Item ID":84,"Nome do Item":"Arcane Gem","Valor":2.23},{"Login":"Qilunan34","Idade":16,"Sexo":"Masculino","Item ID":119,"Nome do Item":"Stormbringer, Dark Blade of Ending Misery","Valor":2.32},{"Login":"Pharithdil38","Idade":21,"Sexo":"Masculino","Item ID":66,"Nome do Item":"Victor Iron Spikes","Valor":3.55},{"Login":"Tyeuladeu30","Idade":25,"Sexo":"Feminino","Item ID":42,"Nome do Item":"The Decapitator","Valor":4.82},{"Login":"Sondastan54","Idade":31,"Sexo":"Masculino","Item ID":170,"Nome do Item":"Shadowsteel","Valor":1.98},{"Login":"Ina92","Idade":22,"Sexo":"Masculino","Item ID":150,"Nome do Item":"Deathraze","Valor":4.54},{"Login":"Saida58","Idade":24,"Sexo":"Masculino","Item ID":164,"Nome do Item":"Exiled Doomblade","Valor":1.92},{"Login":"Aithelis62","Idade":32,"Sexo":"Outro \/ Não Divulgado","Item ID":29,"Nome do Item":"Chaos, Ender of the End","Valor":3.79},{"Login":"Indcil77","Idade":40,"Sexo":"Masculino","Item ID":139,"Nome do Item":"Mercy, Katana of Dismay","Valor":4.37},{"Login":"Hallysucal81","Idade":20,"Sexo":"Masculino","Item ID":14,"Nome do Item":"Possessed Core","Valor":1.59},{"Login":"Tyeuduephos81","Idade":15,"Sexo":"Masculino","Item ID":152,"Nome do Item":"Darkheart","Valor":3.15},{"Login":"Heosrisuir72","Idade":19,"Sexo":"Masculino","Item ID":131,"Nome do Item":"Fury","Valor":4.82},{"Login":"Chadossa56","Idade":37,"Sexo":"Feminino","Item ID":175,"Nome do Item":"Woeful Adamantite Claymore","Valor":1.24},{"Login":"Hailaphos89","Idade":20,"Sexo":"Masculino","Item ID":82,"Nome do Item":"Nirvana","Valor":1.11},{"Login":"Lirtassa47","Idade":27,"Sexo":"Masculino","Item ID":74,"Nome do Item":"Yearning Crusher","Valor":1.06},{"Login":"Aduephos78","Idade":37,"Sexo":"Masculino","Item ID":92,"Nome do Item":"Final Critic","Valor":1.36},{"Login":"Sondilsa40","Idade":18,"Sexo":"Masculino","Item ID":20,"Nome do Item":"Netherbane","Valor":1.48},{"Login":"Ithesuphos68","Idade":23,"Sexo":"Masculino","Item ID":180,"Nome do Item":"Stormcaller","Valor":2.78},{"Login":"Eula35","Idade":25,"Sexo":"Masculino","Item ID":98,"Nome do Item":"Deadline, Voice Of Subtlety","Valor":3.62},{"Login":"Aina42","Idade":27,"Sexo":"Feminino","Item ID":159,"Nome do Item":"Oathbreaker, Spellblade of Trials","Valor":3.01},{"Login":"Ethrusuard41","Idade":10,"Sexo":"Masculino","Item ID":131,"Nome do Item":"Fury","Valor":4.82},{"Login":"Zhisrisu83","Idade":17,"Sexo":"Masculino","Item ID":82,"Nome do Item":"Nirvana","Valor":1.11},{"Login":"Isursti83","Idade":24,"Sexo":"Masculino","Item ID":111,"Nome do Item":"Misery's End","Valor":2.91},{"Login":"Chanirrasta87","Idade":19,"Sexo":"Masculino","Item ID":41,"Nome do Item":"Orbit","Valor":1.16},{"Login":"Stryanastip77","Idade":21,"Sexo":"Masculino","Item ID":84,"Nome do Item":"Arcane Gem","Valor":2.23},{"Login":"Ilirrasda54","Idade":22,"Sexo":"Masculino","Item ID":107,"Nome do Item":"Splitter, Foe Of Subtlety","Valor":3.61},{"Login":"Liri91","Idade":7,"Sexo":"Masculino","Item ID":34,"Nome do Item":"Retribution Axe","Valor":4.14},{"Login":"Undadar97","Idade":25,"Sexo":"Masculino","Item ID":8,"Nome do Item":"Purgatory, Gem of Regret","Valor":3.91},{"Login":"Ithergue48","Idade":20,"Sexo":"Feminino","Item ID":179,"Nome do Item":"Wolf, Promise of the Moonwalker","Valor":1.88},{"Login":"Saistyphos30","Idade":32,"Sexo":"Feminino","Item ID":95,"Nome do Item":"Singed Onyx Warscythe","Valor":1.03},{"Login":"Lisosianya62","Idade":22,"Sexo":"Masculino","Item ID":47,"Nome do Item":"Alpha, Reach of Ending Hope","Valor":1.55},{"Login":"Tyaelistidru84","Idade":25,"Sexo":"Feminino","Item ID":6,"Nome do Item":"Rusty Skull","Valor":1.2},{"Login":"Sausosia74","Idade":25,"Sexo":"Masculino","Item ID":34,"Nome do Item":"Retribution Axe","Valor":4.14},{"Login":"Frichosiala98","Idade":25,"Sexo":"Masculino","Item ID":123,"Nome do Item":"Twilight's Carver","Valor":1.14},{"Login":"Mindimnya67","Idade":39,"Sexo":"Feminino","Item ID":140,"Nome do Item":"Striker","Valor":3.82},{"Login":"Undistasta86","Idade":12,"Sexo":"Masculino","Item ID":163,"Nome do Item":"Thunderfury Scimitar","Valor":3.02},{"Login":"Lirtistasta79","Idade":23,"Sexo":"Masculino","Item ID":172,"Nome do Item":"Blade of the Grave","Valor":1.69},{"Login":"Alaesu91","Idade":18,"Sexo":"Feminino","Item ID":95,"Nome do Item":"Singed Onyx Warscythe","Valor":1.03},{"Login":"Jiskosiala43","Idade":9,"Sexo":"Feminino","Item ID":100,"Nome do Item":"Blindscythe","Valor":3.66},{"Login":"Heuralsti66","Idade":30,"Sexo":"Masculino","Item ID":137,"Nome do Item":"Aetherius, Boon of the Blessed","Valor":4.75},{"Login":"Umuard36","Idade":23,"Sexo":"Feminino","Item ID":66,"Nome do Item":"Victor Iron Spikes","Valor":3.55},{"Login":"Asur53","Idade":29,"Sexo":"Masculino","Item ID":68,"Nome do Item":"Storm-Weaver, Slayer of Inception","Valor":2.49},{"Login":"Jiskassa76","Idade":25,"Sexo":"Masculino","Item ID":92,"Nome do Item":"Final Critic","Valor":1.36},{"Login":"Thryallym62","Idade":20,"Sexo":"Masculino","Item ID":124,"Nome do Item":"Venom Claymore","Valor":2.72},{"Login":"Raesty92","Idade":25,"Sexo":"Masculino","Item ID":5,"Nome do Item":"Putrid Fan","Valor":1.32},{"Login":"Frichassala85","Idade":21,"Sexo":"Masculino","Item ID":69,"Nome do Item":"Frenzy, Defender of the Harvest","Valor":1.06},{"Login":"Chamilsan75","Idade":24,"Sexo":"Feminino","Item ID":90,"Nome do Item":"Betrayer","Valor":1.67},{"Login":"Ilosu82","Idade":33,"Sexo":"Masculino","Item ID":38,"Nome do Item":"The Void, Vengeance of Dark Magic","Valor":2.82},{"Login":"Mindimnya67","Idade":39,"Sexo":"Feminino","Item ID":163,"Nome do Item":"Thunderfury Scimitar","Valor":3.02},{"Login":"Pheodai94","Idade":23,"Sexo":"Masculino","Item ID":20,"Nome do Item":"Netherbane","Valor":1.48},{"Login":"Raerithsti62","Idade":18,"Sexo":"Masculino","Item ID":11,"Nome do Item":"Brimstone","Valor":2.52},{"Login":"Undirrasta74","Idade":22,"Sexo":"Masculino","Item ID":41,"Nome do Item":"Orbit","Valor":1.16},{"Login":"Hiasur92","Idade":25,"Sexo":"Feminino","Item ID":103,"Nome do Item":"Singed Scalpel","Valor":4.87},{"Login":"Tillyrin30","Idade":20,"Sexo":"Masculino","Item ID":19,"Nome do Item":"Pursuit, Cudgel of Necromancy","Valor":3.98},{"Login":"Riralsti91","Idade":24,"Sexo":"Masculino","Item ID":134,"Nome do Item":"Undead Crusader","Valor":4.67},{"Login":"Iasur80","Idade":24,"Sexo":"Masculino","Item ID":103,"Nome do Item":"Singed Scalpel","Valor":4.87},{"Login":"Eryon48","Idade":15,"Sexo":"Feminino","Item ID":110,"Nome do Item":"Suspension","Valor":2.11},{"Login":"Whaestysu86","Idade":22,"Sexo":"Masculino","Item ID":146,"Nome do Item":"Warped Iron Scimitar","Valor":4.08},{"Login":"Aiduesu83","Idade":29,"Sexo":"Feminino","Item ID":35,"Nome do Item":"Heartless Bone Dualblade","Valor":2.63},{"Login":"Iaralsuir44","Idade":22,"Sexo":"Masculino","Item ID":105,"Nome do Item":"Hailstorm Shadowsteel Scythe","Valor":3.73},{"Login":"Chanjask65","Idade":36,"Sexo":"Masculino","Item ID":31,"Nome do Item":"Trickster","Valor":2.07},{"Login":"Frichistast39","Idade":25,"Sexo":"Masculino","Item ID":158,"Nome do Item":"Darkheart, Butcher of the Champion","Valor":3.56},{"Login":"Yaralnura48","Idade":40,"Sexo":"Masculino","Item ID":168,"Nome do Item":"Sun Strike, Jaws of Twisted Visions","Valor":2.64},{"Login":"Isursti83","Idade":24,"Sexo":"Masculino","Item ID":48,"Nome do Item":"Rage, Legacy of the Lone Victor","Valor":4.32},{"Login":"Phairinum94","Idade":17,"Sexo":"Masculino","Item ID":128,"Nome do Item":"Blazeguard, Reach of Eternity","Valor":4.0},{"Login":"Ethralan59","Idade":27,"Sexo":"Masculino","Item ID":151,"Nome do Item":"Severance","Valor":1.85},{"Login":"Raelly43","Idade":25,"Sexo":"Masculino","Item ID":165,"Nome do Item":"Bone Crushing Silver Skewer","Valor":3.37},{"Login":"Lisassasta50","Idade":33,"Sexo":"Feminino","Item ID":22,"Nome do Item":"Amnesia","Valor":3.57},{"Login":"Chanastnya43","Idade":25,"Sexo":"Feminino","Item ID":104,"Nome do Item":"Gladiator's Glaive","Valor":1.36},{"Login":"Sondimla25","Idade":23,"Sexo":"Masculino","Item ID":85,"Nome do Item":"Malificent Bag","Valor":2.17},{"Login":"Chamilsala65","Idade":24,"Sexo":"Masculino","Item ID":136,"Nome do Item":"Ghastly Adamantite Protector","Valor":3.3},{"Login":"Idaria87","Idade":30,"Sexo":"Masculino","Item ID":103,"Nome do Item":"Singed Scalpel","Valor":4.87},{"Login":"Eoda93","Idade":22,"Sexo":"Masculino","Item ID":76,"Nome do Item":"Haunted Bronzed Bludgeon","Valor":4.12},{"Login":"Chanastst38","Idade":27,"Sexo":"Masculino","Item ID":21,"Nome do Item":"Souleater","Valor":3.27},{"Login":"Lamil79","Idade":23,"Sexo":"Masculino","Item ID":40,"Nome do Item":"Second Chance","Valor":2.34},{"Login":"Liri91","Idade":7,"Sexo":"Masculino","Item ID":161,"Nome do Item":"Devine","Valor":1.45},{"Login":"Qaronon57","Idade":17,"Sexo":"Masculino","Item ID":22,"Nome do Item":"Amnesia","Valor":3.57},{"Login":"Chadjask77","Idade":36,"Sexo":"Masculino","Item ID":57,"Nome do Item":"Despair, Favor of Due Diligence","Valor":3.81},{"Login":"Ethralista69","Idade":20,"Sexo":"Masculino","Item ID":52,"Nome do Item":"Hatred","Valor":4.39},{"Login":"Phaeduesurgue38","Idade":23,"Sexo":"Masculino","Item ID":49,"Nome do Item":"The Oculus, Token of Lost Worlds","Valor":4.23},{"Login":"Rathellorin54","Idade":25,"Sexo":"Feminino","Item ID":95,"Nome do Item":"Singed Onyx Warscythe","Valor":1.03},{"Login":"Filon68","Idade":38,"Sexo":"Masculino","Item ID":40,"Nome do Item":"Second Chance","Valor":2.34},{"Login":"Chamilsala65","Idade":24,"Sexo":"Masculino","Item ID":160,"Nome do Item":"Azurewrath","Valor":2.22},{"Login":"Assylla81","Idade":22,"Sexo":"Masculino","Item ID":1,"Nome do Item":"Crucifer","Valor":2.28},{"Login":"Ingonon91","Idade":21,"Sexo":"Masculino","Item ID":79,"Nome do Item":"Alpha, Oath of Zeal","Valor":2.88},{"Login":"Lisovynya38","Idade":18,"Sexo":"Masculino","Item ID":144,"Nome do Item":"Blood Infused Guardian","Valor":2.86},{"Login":"Assesi91","Idade":25,"Sexo":"Masculino","Item ID":10,"Nome do Item":"Sleepwalker","Valor":1.73},{"Login":"Aellyria80","Idade":25,"Sexo":"Masculino","Item ID":125,"Nome do Item":"Whistling Mithril Warblade","Valor":4.32},{"Login":"Aethedru70","Idade":25,"Sexo":"Masculino","Item ID":176,"Nome do Item":"Relentless Iron Skewer","Valor":2.97},{"Login":"Iladarla40","Idade":8,"Sexo":"Masculino","Item ID":15,"Nome do Item":"Soul Infused Crystal","Valor":1.03},{"Login":"Tyalaesu89","Idade":29,"Sexo":"Masculino","Item ID":180,"Nome do Item":"Stormcaller","Valor":2.78},{"Login":"Erudrion71","Idade":16,"Sexo":"Masculino","Item ID":161,"Nome do Item":"Devine","Valor":1.45},{"Login":"Tyisriphos58","Idade":38,"Sexo":"Masculino","Item ID":181,"Nome do Item":"Reaper's Toll","Valor":4.56},{"Login":"Iskista88","Idade":28,"Sexo":"Masculino","Item ID":92,"Nome do Item":"Final Critic","Valor":1.36},{"Login":"Seudaillorap38","Idade":21,"Sexo":"Masculino","Item ID":133,"Nome do Item":"Faith's Scimitar","Valor":3.82},{"Login":"Sondossa55","Idade":12,"Sexo":"Masculino","Item ID":70,"Nome do Item":"Hope's End","Valor":3.89},{"Login":"Tyirithnu40","Idade":19,"Sexo":"Masculino","Item ID":108,"Nome do Item":"Extraction, Quickblade Of Trembling Hands","Valor":3.39},{"Login":"Malista67","Idade":13,"Sexo":"Masculino","Item ID":159,"Nome do Item":"Oathbreaker, Spellblade of Trials","Valor":3.01},{"Login":"Ristydru66","Idade":33,"Sexo":"Masculino","Item ID":120,"Nome do Item":"Agatha","Valor":1.91},{"Login":"Yasriphos60","Idade":40,"Sexo":"Masculino","Item ID":11,"Nome do Item":"Brimstone","Valor":2.52},{"Login":"Phainasu47","Idade":20,"Sexo":"Masculino","Item ID":111,"Nome do Item":"Misery's End","Valor":2.91},{"Login":"Eural50","Idade":22,"Sexo":"Masculino","Item ID":81,"Nome do Item":"Dreamkiss","Valor":4.06},{"Login":"Mindassast27","Idade":22,"Sexo":"Masculino","Item ID":31,"Nome do Item":"Trickster","Valor":2.07},{"Login":"Iskossan49","Idade":24,"Sexo":"Masculino","Item ID":62,"Nome do Item":"Piece Maker","Valor":4.36},{"Login":"Qarrian82","Idade":30,"Sexo":"Masculino","Item ID":145,"Nome do Item":"Fiery Glass Crusader","Valor":4.45},{"Login":"Eulidru49","Idade":16,"Sexo":"Feminino","Item ID":170,"Nome do Item":"Shadowsteel","Valor":1.98},{"Login":"Inguard95","Idade":38,"Sexo":"Masculino","Item ID":148,"Nome do Item":"Warmonger, Gift of Suffering's End","Valor":3.96},{"Login":"Hiral75","Idade":20,"Sexo":"Masculino","Item ID":161,"Nome do Item":"Devine","Valor":1.45},{"Login":"Undast38","Idade":16,"Sexo":"Masculino","Item ID":162,"Nome do Item":"Abyssal Shard","Valor":2.04},{"Login":"Chadjask77","Idade":36,"Sexo":"Masculino","Item ID":182,"Nome do Item":"Toothpick","Valor":3.48},{"Login":"Marim28","Idade":17,"Sexo":"Feminino","Item ID":143,"Nome do Item":"Frenzied Scimitar","Valor":2.6},{"Login":"Yasriphos60","Idade":40,"Sexo":"Masculino","Item ID":55,"Nome do Item":"Vindictive Glass Edge","Valor":4.26},{"Login":"Ialistidru50","Idade":21,"Sexo":"Masculino","Item ID":22,"Nome do Item":"Amnesia","Valor":3.57},{"Login":"Aelalis34","Idade":38,"Sexo":"Masculino","Item ID":172,"Nome do Item":"Blade of the Grave","Valor":1.69},{"Login":"Airal46","Idade":35,"Sexo":"Masculino","Item ID":113,"Nome do Item":"Solitude's Reaver","Valor":2.67},{"Login":"Lirtosia72","Idade":14,"Sexo":"Masculino","Item ID":80,"Nome do Item":"Dreamsong","Valor":3.81},{"Login":"Assassasta79","Idade":17,"Sexo":"Feminino","Item ID":177,"Nome do Item":"Winterthorn, Defender of Shifting Worlds","Valor":4.89},{"Login":"Saerallora71","Idade":21,"Sexo":"Masculino","Item ID":183,"Nome do Item":"Dragon's Greatsword","Valor":2.36},{"Login":"Frichossast86","Idade":24,"Sexo":"Masculino","Item ID":98,"Nome do Item":"Deadline, Voice Of Subtlety","Valor":3.62},{"Login":"Undirra73","Idade":23,"Sexo":"Feminino","Item ID":30,"Nome do Item":"Stormcaller","Valor":4.15},{"Login":"Chanastsda67","Idade":15,"Sexo":"Masculino","Item ID":145,"Nome do Item":"Fiery Glass Crusader","Valor":4.45},{"Login":"Undirrala66","Idade":29,"Sexo":"Masculino","Item ID":18,"Nome do Item":"Torchlight, Bond of Storms","Valor":1.77},{"Login":"Lirtosia72","Idade":14,"Sexo":"Masculino","Item ID":183,"Nome do Item":"Dragon's Greatsword","Valor":2.36},{"Login":"Phaestycal84","Idade":31,"Sexo":"Masculino","Item ID":171,"Nome do Item":"Scalpel","Valor":3.62},{"Login":"Malunil62","Idade":19,"Sexo":"Masculino","Item ID":153,"Nome do Item":"Mercenary Sabre","Valor":4.57},{"Login":"Eosursurap97","Idade":20,"Sexo":"Masculino","Item ID":84,"Nome do Item":"Arcane Gem","Valor":2.23},{"Login":"Iaralrgue74","Idade":15,"Sexo":"Masculino","Item ID":153,"Nome do Item":"Mercenary Sabre","Valor":4.57},{"Login":"Seolollo93","Idade":15,"Sexo":"Masculino","Item ID":8,"Nome do Item":"Purgatory, Gem of Regret","Valor":3.91},{"Login":"Ililsan66","Idade":18,"Sexo":"Masculino","Item ID":15,"Nome do Item":"Soul Infused Crystal","Valor":1.03},{"Login":"Yasriphos60","Idade":40,"Sexo":"Masculino","Item ID":171,"Nome do Item":"Scalpel","Valor":3.62},{"Login":"Iskosia51","Idade":15,"Sexo":"Masculino","Item ID":154,"Nome do Item":"Feral Katana","Valor":2.19},{"Login":"Isurria36","Idade":18,"Sexo":"Feminino","Item ID":171,"Nome do Item":"Scalpel","Valor":3.62},{"Login":"Asur53","Idade":29,"Sexo":"Masculino","Item ID":129,"Nome do Item":"Fate, Vengeance of Eternal Justice","Valor":1.55},{"Login":"Aesur96","Idade":34,"Sexo":"Masculino","Item ID":135,"Nome do Item":"Warped Diamond Crusader","Valor":4.66},{"Login":"Iskosian40","Idade":23,"Sexo":"Masculino","Item ID":108,"Nome do Item":"Extraction, Quickblade Of Trembling Hands","Valor":3.39},{"Login":"Ililsa62","Idade":20,"Sexo":"Masculino","Item ID":100,"Nome do Item":"Blindscythe","Valor":3.66},{"Login":"Aillyriadru65","Idade":23,"Sexo":"Masculino","Item ID":60,"Nome do Item":"Wolf","Valor":1.84},{"Login":"Lisassa49","Idade":24,"Sexo":"Feminino","Item ID":110,"Nome do Item":"Suspension","Valor":2.11},{"Login":"Lisistaya47","Idade":7,"Sexo":"Masculino","Item ID":39,"Nome do Item":"Betrayal, Whisper of Grieving Widows","Valor":2.35},{"Login":"Ialidru40","Idade":19,"Sexo":"Masculino","Item ID":175,"Nome do Item":"Woeful Adamantite Claymore","Valor":1.24},{"Login":"Sondim43","Idade":20,"Sexo":"Masculino","Item ID":35,"Nome do Item":"Heartless Bone Dualblade","Valor":2.63},{"Login":"Iskimnya76","Idade":24,"Sexo":"Masculino","Item ID":30,"Nome do Item":"Stormcaller","Valor":4.15},{"Login":"Aethe80","Idade":22,"Sexo":"Masculino","Item ID":119,"Nome do Item":"Stormbringer, Dark Blade of Ending Misery","Valor":2.32},{"Login":"Rathellorin54","Idade":25,"Sexo":"Feminino","Item ID":65,"Nome do Item":"Conqueror Adamantite Mace","Valor":1.96},{"Login":"Chanadar44","Idade":29,"Sexo":"Masculino","Item ID":64,"Nome do Item":"Fusion Pummel","Valor":3.58},{"Login":"Eudasu82","Idade":33,"Sexo":"Masculino","Item ID":83,"Nome do Item":"Lifebender","Valor":3.51},{"Login":"Lisirraya76","Idade":19,"Sexo":"Masculino","Item ID":88,"Nome do Item":"Emberling, Defender of Delusions","Valor":4.1},{"Login":"Lisossa25","Idade":24,"Sexo":"Masculino","Item ID":26,"Nome do Item":"Unholy Wand","Valor":1.88},{"Login":"Haedasu65","Idade":20,"Sexo":"Masculino","Item ID":133,"Nome do Item":"Faith's Scimitar","Valor":3.82},{"Login":"Iral74","Idade":24,"Sexo":"Masculino","Item ID":97,"Nome do Item":"Swan Song, Gouger Of Terror","Valor":3.58},{"Login":"Lisjaskya84","Idade":20,"Sexo":"Masculino","Item ID":16,"Nome do Item":"Restored Bauble","Valor":3.11},{"Login":"Saelaephos52","Idade":20,"Sexo":"Masculino","Item ID":181,"Nome do Item":"Reaper's Toll","Valor":4.56},{"Login":"Chamim85","Idade":22,"Sexo":"Masculino","Item ID":76,"Nome do Item":"Haunted Bronzed Bludgeon","Valor":4.12},{"Login":"Chamadar61","Idade":21,"Sexo":"Masculino","Item ID":154,"Nome do Item":"Feral Katana","Valor":2.19},{"Login":"Lirtista72","Idade":23,"Sexo":"Masculino","Item ID":142,"Nome do Item":"Righteous Might","Valor":4.36},{"Login":"Seudanu38","Idade":17,"Sexo":"Masculino","Item ID":113,"Nome do Item":"Solitude's Reaver","Valor":2.67},{"Login":"Lisossa63","Idade":24,"Sexo":"Masculino","Item ID":92,"Nome do Item":"Final Critic","Valor":1.36},{"Login":"Siathecal92","Idade":22,"Sexo":"Masculino","Item ID":36,"Nome do Item":"Spectral Bone Axe","Valor":2.98},{"Login":"Eullydru35","Idade":7,"Sexo":"Masculino","Item ID":39,"Nome do Item":"Betrayal, Whisper of Grieving Widows","Valor":2.35},{"Login":"Chamistast30","Idade":25,"Sexo":"Feminino","Item ID":18,"Nome do Item":"Torchlight, Bond of Storms","Valor":1.77},{"Login":"Isrirgue68","Idade":24,"Sexo":"Masculino","Item ID":142,"Nome do Item":"Righteous Might","Valor":4.36},{"Login":"Eurallo89","Idade":20,"Sexo":"Feminino","Item ID":172,"Nome do Item":"Blade of the Grave","Valor":1.69},{"Login":"Raithe71","Idade":25,"Sexo":"Masculino","Item ID":107,"Nome do Item":"Splitter, Foe Of Subtlety","Valor":3.61},{"Login":"Iskossaya95","Idade":31,"Sexo":"Masculino","Item ID":151,"Nome do Item":"Severance","Valor":1.85},{"Login":"Yathecal82","Idade":23,"Sexo":"Masculino","Item ID":178,"Nome do Item":"Oathbreaker, Last Hope of the Breaking Storm","Valor":2.41},{"Login":"Filrion44","Idade":22,"Sexo":"Masculino","Item ID":68,"Nome do Item":"Storm-Weaver, Slayer of Inception","Valor":2.49},{"Login":"Saralp86","Idade":9,"Sexo":"Masculino","Item ID":26,"Nome do Item":"Unholy Wand","Valor":1.88},{"Login":"Tyeuduen32","Idade":22,"Sexo":"Masculino","Item ID":13,"Nome do Item":"Serenity","Valor":1.49},{"Login":"Aina43","Idade":21,"Sexo":"Feminino","Item ID":174,"Nome do Item":"Primitive Blade","Valor":2.46},{"Login":"Undiwinya88","Idade":15,"Sexo":"Masculino","Item ID":23,"Nome do Item":"Crucifer","Valor":2.77},{"Login":"Silaera56","Idade":29,"Sexo":"Masculino","Item ID":75,"Nome do Item":"Brutality Ivory Warmace","Valor":1.72},{"Login":"Iskadarya95","Idade":15,"Sexo":"Masculino","Item ID":27,"Nome do Item":"Riddle, Tribute of Ended Dreams","Valor":3.96},{"Login":"Eoralphos86","Idade":13,"Sexo":"Feminino","Item ID":26,"Nome do Item":"Unholy Wand","Valor":1.88},{"Login":"Billysu76","Idade":27,"Sexo":"Masculino","Item ID":144,"Nome do Item":"Blood Infused Guardian","Valor":2.86},{"Login":"Seorithstilis90","Idade":23,"Sexo":"Masculino","Item ID":152,"Nome do Item":"Darkheart","Valor":3.15},{"Login":"Aidaira48","Idade":30,"Sexo":"Masculino","Item ID":10,"Nome do Item":"Sleepwalker","Valor":1.73},{"Login":"Mindimnya67","Idade":39,"Sexo":"Feminino","Item ID":145,"Nome do Item":"Fiery Glass Crusader","Valor":4.45},{"Login":"Euna48","Idade":22,"Sexo":"Outro \/ Não Divulgado","Item ID":115,"Nome do Item":"Spectral Diamond Doomblade","Valor":4.25},{"Login":"Lisassasta50","Idade":33,"Sexo":"Feminino","Item ID":163,"Nome do Item":"Thunderfury Scimitar","Valor":3.02},{"Login":"Eusur90","Idade":20,"Sexo":"Masculino","Item ID":30,"Nome do Item":"Stormcaller","Valor":4.15},{"Login":"Undirrala66","Idade":29,"Sexo":"Masculino","Item ID":133,"Nome do Item":"Faith's Scimitar","Valor":3.82},{"Login":"Lamil70","Idade":16,"Sexo":"Masculino","Item ID":13,"Nome do Item":"Serenity","Valor":1.49},{"Login":"Chamadarnya73","Idade":21,"Sexo":"Masculino","Item ID":12,"Nome do Item":"Dawne","Valor":4.3},{"Login":"Ilast79","Idade":20,"Sexo":"Feminino","Item ID":6,"Nome do Item":"Rusty Skull","Valor":1.2},{"Login":"Sondilsa35","Idade":22,"Sexo":"Masculino","Item ID":97,"Nome do Item":"Swan Song, Gouger Of Terror","Valor":3.58},{"Login":"Ralonurin90","Idade":26,"Sexo":"Masculino","Item ID":148,"Nome do Item":"Warmonger, Gift of Suffering's End","Valor":3.96},{"Login":"Marundi65","Idade":24,"Sexo":"Feminino","Item ID":71,"Nome do Item":"Demise","Valor":4.07},{"Login":"Phaedan76","Idade":20,"Sexo":"Masculino","Item ID":60,"Nome do Item":"Wolf","Valor":1.84},{"Login":"Farenon57","Idade":20,"Sexo":"Masculino","Item ID":18,"Nome do Item":"Torchlight, Bond of Storms","Valor":1.77},{"Login":"Ilassa51","Idade":20,"Sexo":"Masculino","Item ID":157,"Nome do Item":"Spada, Etcher of Hatred","Valor":2.21},{"Login":"Lirtossa84","Idade":20,"Sexo":"Masculino","Item ID":101,"Nome do Item":"Final Critic","Valor":4.62},{"Login":"Airi27","Idade":23,"Sexo":"Masculino","Item ID":38,"Nome do Item":"The Void, Vengeance of Dark Magic","Valor":2.82},{"Login":"Indcil77","Idade":40,"Sexo":"Masculino","Item ID":102,"Nome do Item":"Avenger","Valor":4.16},{"Login":"Chamastya76","Idade":20,"Sexo":"Masculino","Item ID":53,"Nome do Item":"Vengeance Cleaver","Valor":3.7},{"Login":"Lassjask63","Idade":7,"Sexo":"Masculino","Item ID":158,"Nome do Item":"Darkheart, Butcher of the Champion","Valor":3.56},{"Login":"Heolo60","Idade":22,"Sexo":"Masculino","Item ID":175,"Nome do Item":"Woeful Adamantite Claymore","Valor":1.24},{"Login":"Isurria36","Idade":18,"Sexo":"Feminino","Item ID":101,"Nome do Item":"Final Critic","Valor":4.62},{"Login":"Lisossan98","Idade":15,"Sexo":"Masculino","Item ID":153,"Nome do Item":"Mercenary Sabre","Valor":4.57},{"Login":"Sondim43","Idade":20,"Sexo":"Masculino","Item ID":19,"Nome do Item":"Pursuit, Cudgel of Necromancy","Valor":3.98},{"Login":"Mindirra92","Idade":20,"Sexo":"Masculino","Item ID":11,"Nome do Item":"Brimstone","Valor":2.52},{"Login":"Reuthelis39","Idade":20,"Sexo":"Feminino","Item ID":11,"Nome do Item":"Brimstone","Valor":2.52},{"Login":"Thourdirra92","Idade":18,"Sexo":"Masculino","Item ID":166,"Nome do Item":"Thirsty Iron Reaver","Valor":4.25},{"Login":"Frichadar89","Idade":25,"Sexo":"Masculino","Item ID":49,"Nome do Item":"The Oculus, Token of Lost Worlds","Valor":4.23},{"Login":"Raesursurap33","Idade":20,"Sexo":"Masculino","Item ID":123,"Nome do Item":"Twilight's Carver","Valor":1.14},{"Login":"Jiskilsa35","Idade":20,"Sexo":"Feminino","Item ID":80,"Nome do Item":"Dreamsong","Valor":3.81},{"Login":"Philistirap41","Idade":33,"Sexo":"Masculino","Item ID":172,"Nome do Item":"Blade of the Grave","Valor":1.69},{"Login":"Tyidainu31","Idade":20,"Sexo":"Masculino","Item ID":144,"Nome do Item":"Blood Infused Guardian","Valor":2.86},{"Login":"Mindimnya67","Idade":39,"Sexo":"Feminino","Item ID":161,"Nome do Item":"Devine","Valor":1.45},{"Login":"Tridaira71","Idade":37,"Sexo":"Feminino","Item ID":95,"Nome do Item":"Singed Onyx Warscythe","Valor":1.03},{"Login":"Queusurra38","Idade":23,"Sexo":"Masculino","Item ID":90,"Nome do Item":"Betrayer","Valor":1.67},{"Login":"Mindadaran26","Idade":20,"Sexo":"Masculino","Item ID":124,"Nome do Item":"Venom Claymore","Valor":2.72},{"Login":"Lisassa39","Idade":23,"Sexo":"Masculino","Item ID":130,"Nome do Item":"Alpha","Valor":1.56},{"Login":"Alaesu77","Idade":32,"Sexo":"Masculino","Item ID":78,"Nome do Item":"Glimmer, Ender of the Moon","Valor":2.33},{"Login":"Ilogha82","Idade":25,"Sexo":"Masculino","Item ID":142,"Nome do Item":"Righteous Might","Valor":4.36},{"Login":"Pharithdil38","Idade":21,"Sexo":"Masculino","Item ID":178,"Nome do Item":"Oathbreaker, Last Hope of the Breaking Storm","Valor":2.41},{"Login":"Mindossasya74","Idade":26,"Sexo":"Masculino","Item ID":85,"Nome do Item":"Malificent Bag","Valor":2.17},{"Login":"Syadaillo88","Idade":16,"Sexo":"Masculino","Item ID":22,"Nome do Item":"Amnesia","Valor":3.57},{"Login":"Lassilsala30","Idade":15,"Sexo":"Masculino","Item ID":127,"Nome do Item":"Heartseeker, Reaver of Souls","Valor":3.21},{"Login":"Eusri26","Idade":23,"Sexo":"Masculino","Item ID":111,"Nome do Item":"Misery's End","Valor":2.91},{"Login":"Chanastsda67","Idade":15,"Sexo":"Masculino","Item ID":67,"Nome do Item":"Celeste, Incarnation of the Corrupted","Valor":2.31},{"Login":"Hilaerin92","Idade":31,"Sexo":"Masculino","Item ID":40,"Nome do Item":"Second Chance","Valor":2.34},{"Login":"Aeliriam77","Idade":20,"Sexo":"Masculino","Item ID":18,"Nome do Item":"Torchlight, Bond of Storms","Valor":1.77},{"Login":"Lirtossan50","Idade":35,"Sexo":"Masculino","Item ID":83,"Nome do Item":"Lifebender","Valor":3.51},{"Login":"Iskossan49","Idade":24,"Sexo":"Masculino","Item ID":94,"Nome do Item":"Mourning Blade","Valor":1.82},{"Login":"Sondim73","Idade":16,"Sexo":"Masculino","Item ID":22,"Nome do Item":"Amnesia","Valor":3.57},{"Login":"Assosia38","Idade":16,"Sexo":"Masculino","Item ID":37,"Nome do Item":"Shadow Strike, Glory of Ending Hope","Valor":1.93},{"Login":"Reula64","Idade":16,"Sexo":"Masculino","Item ID":115,"Nome do Item":"Spectral Diamond Doomblade","Valor":4.25},{"Login":"Tyeosri53","Idade":31,"Sexo":"Masculino","Item ID":182,"Nome do Item":"Toothpick","Valor":3.48},{"Login":"Raesurdil91","Idade":43,"Sexo":"Masculino","Item ID":57,"Nome do Item":"Despair, Favor of Due Diligence","Valor":3.81},{"Login":"Anallorgue57","Idade":20,"Sexo":"Feminino","Item ID":103,"Nome do Item":"Singed Scalpel","Valor":4.87},{"Login":"Idai61","Idade":21,"Sexo":"Masculino","Item ID":78,"Nome do Item":"Glimmer, Ender of the Moon","Valor":2.33},{"Login":"Aeduera68","Idade":26,"Sexo":"Masculino","Item ID":156,"Nome do Item":"Soul-Forged Steel Shortsword","Valor":1.16},{"Login":"Rithe53","Idade":23,"Sexo":"Masculino","Item ID":92,"Nome do Item":"Final Critic","Valor":1.36},{"Login":"Quinarap53","Idade":21,"Sexo":"Masculino","Item ID":44,"Nome do Item":"Bonecarvin Battle Axe","Valor":2.46},{"Login":"Haerithp41","Idade":24,"Sexo":"Masculino","Item ID":109,"Nome do Item":"Downfall, Scalpel Of The Emperor","Valor":3.2},{"Login":"Seuthelis34","Idade":30,"Sexo":"Feminino","Item ID":79,"Nome do Item":"Alpha, Oath of Zeal","Valor":2.88},{"Login":"Styaduen40","Idade":21,"Sexo":"Feminino","Item ID":8,"Nome do Item":"Purgatory, Gem of Regret","Valor":3.91},{"Login":"Ennoncil86","Idade":32,"Sexo":"Masculino","Item ID":120,"Nome do Item":"Agatha","Valor":1.91},{"Login":"Lassassasda30","Idade":15,"Sexo":"Masculino","Item ID":120,"Nome do Item":"Agatha","Valor":1.91},{"Login":"Tyeosri53","Idade":31,"Sexo":"Masculino","Item ID":10,"Nome do Item":"Sleepwalker","Valor":1.73},{"Login":"Ilaststa70","Idade":10,"Sexo":"Feminino","Item ID":63,"Nome do Item":"Stormfury Mace","Valor":1.27},{"Login":"Tyarithn67","Idade":28,"Sexo":"Masculino","Item ID":32,"Nome do Item":"Orenmir","Valor":4.95},{"Login":"Streural92","Idade":13,"Sexo":"Masculino","Item ID":14,"Nome do Item":"Possessed Core","Valor":1.59},{"Login":"Haellysu29","Idade":21,"Sexo":"Masculino","Item ID":91,"Nome do Item":"Celeste","Valor":3.71},{"Login":"Yadaisuir65","Idade":22,"Sexo":"Masculino","Item ID":73,"Nome do Item":"Ritual Mace","Valor":3.74},{"Login":"Aerithnucal56","Idade":15,"Sexo":"Masculino","Item ID":172,"Nome do Item":"Blade of the Grave","Valor":1.69},{"Login":"Sundjask71","Idade":15,"Sexo":"Masculino","Item ID":77,"Nome do Item":"Piety, Guardian of Riddles","Valor":3.68},{"Login":"Tyisriphos58","Idade":38,"Sexo":"Masculino","Item ID":101,"Nome do Item":"Final Critic","Valor":4.62},{"Login":"Sundaststa26","Idade":22,"Sexo":"Feminino","Item ID":33,"Nome do Item":"Curved Axe","Valor":1.35},{"Login":"Yalo71","Idade":23,"Sexo":"Masculino","Item ID":24,"Nome do Item":"Warped Fetish","Valor":2.41},{"Login":"Mindetosya30","Idade":16,"Sexo":"Masculino","Item ID":67,"Nome do Item":"Celeste, Incarnation of the Corrupted","Valor":2.31},{"Login":"Chanjaskan89","Idade":23,"Sexo":"Masculino","Item ID":15,"Nome do Item":"Soul Infused Crystal","Valor":1.03},{"Login":"Chadjask77","Idade":36,"Sexo":"Masculino","Item ID":124,"Nome do Item":"Venom Claymore","Valor":2.72},{"Login":"Lirtast83","Idade":32,"Sexo":"Masculino","Item ID":66,"Nome do Item":"Victor Iron Spikes","Valor":3.55},{"Login":"Ingatcil75","Idade":7,"Sexo":"Masculino","Item ID":177,"Nome do Item":"Winterthorn, Defender of Shifting Worlds","Valor":4.89},{"Login":"Lassassast73","Idade":24,"Sexo":"Masculino","Item ID":61,"Nome do Item":"Ragnarok","Valor":3.97},{"Login":"Strairisti57","Idade":18,"Sexo":"Masculino","Item ID":157,"Nome do Item":"Spada, Etcher of Hatred","Valor":2.21},{"Login":"Qarwen67","Idade":11,"Sexo":"Masculino","Item ID":176,"Nome do Item":"Relentless Iron Skewer","Valor":2.97},{"Login":"Filrion59","Idade":35,"Sexo":"Masculino","Item ID":31,"Nome do Item":"Trickster","Valor":2.07},{"Login":"Sondim43","Idade":20,"Sexo":"Masculino","Item ID":118,"Nome do Item":"Ghost Reaver, Longsword of Magic","Valor":2.77},{"Login":"Aellysup38","Idade":25,"Sexo":"Masculino","Item ID":107,"Nome do Item":"Splitter, Foe Of Subtlety","Valor":3.61},{"Login":"Hala31","Idade":38,"Sexo":"Masculino","Item ID":75,"Nome do Item":"Brutality Ivory Warmace","Valor":1.72},{"Login":"Rithe77","Idade":26,"Sexo":"Feminino","Item ID":65,"Nome do Item":"Conqueror Adamantite Mace","Valor":1.96},{"Login":"Marirrasta50","Idade":19,"Sexo":"Masculino","Item ID":159,"Nome do Item":"Oathbreaker, Spellblade of Trials","Valor":3.01},{"Login":"Chanosiast43","Idade":13,"Sexo":"Feminino","Item ID":18,"Nome do Item":"Torchlight, Bond of Storms","Valor":1.77},{"Login":"Sundim98","Idade":20,"Sexo":"Feminino","Item ID":100,"Nome do Item":"Blindscythe","Valor":3.66},{"Login":"Frichaya88","Idade":30,"Sexo":"Masculino","Item ID":83,"Nome do Item":"Lifebender","Valor":3.51},{"Login":"Lirtassa47","Idade":27,"Sexo":"Masculino","Item ID":25,"Nome do Item":"Hero Cane","Valor":1.03},{"Login":"Iathenudil29","Idade":29,"Sexo":"Feminino","Item ID":130,"Nome do Item":"Alpha","Valor":1.56},{"Login":"Lisirra55","Idade":7,"Sexo":"Feminino","Item ID":11,"Nome do Item":"Brimstone","Valor":2.52},{"Login":"Yarolwen77","Idade":24,"Sexo":"Masculino","Item ID":46,"Nome do Item":"Hopeless Ebon Dualblade","Valor":4.75},{"Login":"Crausirra42","Idade":15,"Sexo":"Feminino","Item ID":112,"Nome do Item":"Worldbreaker","Valor":3.29},{"Login":"Frichast72","Idade":23,"Sexo":"Masculino","Item ID":87,"Nome do Item":"Deluge, Edge of the West","Valor":2.2},{"Login":"Eulidru49","Idade":16,"Sexo":"Feminino","Item ID":33,"Nome do Item":"Curved Axe","Valor":1.35},{"Login":"Aidain51","Idade":26,"Sexo":"Masculino","Item ID":81,"Nome do Item":"Dreamkiss","Valor":4.06},{"Login":"Sida61","Idade":24,"Sexo":"Masculino","Item ID":40,"Nome do Item":"Second Chance","Valor":2.34},{"Login":"Chamjasknya65","Idade":20,"Sexo":"Masculino","Item ID":23,"Nome do Item":"Crucifer","Valor":2.77},{"Login":"Iri67","Idade":15,"Sexo":"Masculino","Item ID":128,"Nome do Item":"Blazeguard, Reach of Eternity","Valor":4.0},{"Login":"Ririp86","Idade":20,"Sexo":"Feminino","Item ID":91,"Nome do Item":"Celeste","Valor":3.71},{"Login":"Chadossa56","Idade":37,"Sexo":"Feminino","Item ID":117,"Nome do Item":"Heartstriker, Legacy of the Light","Valor":4.15},{"Login":"Chanjaskan89","Idade":23,"Sexo":"Masculino","Item ID":26,"Nome do Item":"Unholy Wand","Valor":1.88},{"Login":"Jiskimsda56","Idade":21,"Sexo":"Masculino","Item ID":93,"Nome do Item":"Apocalyptic Battlescythe","Valor":3.91},{"Login":"Assistast50","Idade":19,"Sexo":"Masculino","Item ID":66,"Nome do Item":"Victor Iron Spikes","Valor":3.55},{"Login":"Euliria52","Idade":16,"Sexo":"Masculino","Item ID":162,"Nome do Item":"Abyssal Shard","Valor":2.04},{"Login":"Aerithriaphos45","Idade":16,"Sexo":"Masculino","Item ID":43,"Nome do Item":"Foul Edge","Valor":2.38},{"Login":"Ila44","Idade":15,"Sexo":"Masculino","Item ID":170,"Nome do Item":"Shadowsteel","Valor":1.98},{"Login":"Sida61","Idade":24,"Sexo":"Masculino","Item ID":128,"Nome do Item":"Blazeguard, Reach of Eternity","Valor":4.0},{"Login":"Phyali88","Idade":38,"Sexo":"Masculino","Item ID":106,"Nome do Item":"Crying Steel Sickle","Valor":2.29},{"Login":"Iskossa88","Idade":30,"Sexo":"Masculino","Item ID":72,"Nome do Item":"Winter's Bite","Valor":1.39},{"Login":"Aeral85","Idade":25,"Sexo":"Masculino","Item ID":115,"Nome do Item":"Spectral Diamond Doomblade","Valor":4.25},{"Login":"Rinallorap73","Idade":24,"Sexo":"Masculino","Item ID":61,"Nome do Item":"Ragnarok","Valor":3.97},{"Login":"Chanjask65","Idade":36,"Sexo":"Masculino","Item ID":5,"Nome do Item":"Putrid Fan","Valor":1.32},{"Login":"Saedue76","Idade":25,"Sexo":"Masculino","Item ID":73,"Nome do Item":"Ritual Mace","Valor":3.74},{"Login":"Assassa38","Idade":34,"Sexo":"Outro \/ Não Divulgado","Item ID":179,"Nome do Item":"Wolf, Promise of the Moonwalker","Valor":1.88},{"Login":"Tyaelorgue39","Idade":27,"Sexo":"Feminino","Item ID":67,"Nome do Item":"Celeste, Incarnation of the Corrupted","Valor":2.31},{"Login":"Tyananurgue44","Idade":22,"Sexo":"Masculino","Item ID":84,"Nome do Item":"Arcane Gem","Valor":2.23},{"Login":"Isketo41","Idade":13,"Sexo":"Masculino","Item ID":5,"Nome do Item":"Putrid Fan","Valor":1.32},{"Login":"Sundast87","Idade":21,"Sexo":"Masculino","Item ID":159,"Nome do Item":"Oathbreaker, Spellblade of Trials","Valor":3.01},{"Login":"Yadacal26","Idade":24,"Sexo":"Masculino","Item ID":37,"Nome do Item":"Shadow Strike, Glory of Ending Hope","Valor":1.93},{"Login":"Ila44","Idade":15,"Sexo":"Masculino","Item ID":174,"Nome do Item":"Primitive Blade","Valor":2.46},{"Login":"Ilophos58","Idade":9,"Sexo":"Masculino","Item ID":103,"Nome do Item":"Singed Scalpel","Valor":4.87},{"Login":"Marilsanya48","Idade":21,"Sexo":"Masculino","Item ID":102,"Nome do Item":"Avenger","Valor":4.16},{"Login":"Phially37","Idade":22,"Sexo":"Feminino","Item ID":79,"Nome do Item":"Alpha, Oath of Zeal","Valor":2.88},{"Login":"Iduedru67","Idade":25,"Sexo":"Masculino","Item ID":169,"Nome do Item":"Interrogator, Blood Blade of the Queen","Valor":3.32},{"Login":"Yarithsurgue62","Idade":7,"Sexo":"Masculino","Item ID":82,"Nome do Item":"Nirvana","Valor":1.11},{"Login":"Aeduera68","Idade":26,"Sexo":"Masculino","Item ID":39,"Nome do Item":"Betrayal, Whisper of Grieving Widows","Valor":2.35},{"Login":"Saidairiaphos61","Idade":29,"Sexo":"Masculino","Item ID":18,"Nome do Item":"Torchlight, Bond of Storms","Valor":1.77},{"Login":"Tillyrin30","Idade":20,"Sexo":"Masculino","Item ID":69,"Nome do Item":"Frenzy, Defender of the Harvest","Valor":1.06},{"Login":"Chanosiast43","Idade":13,"Sexo":"Feminino","Item ID":117,"Nome do Item":"Heartstriker, Legacy of the Light","Valor":4.15},{"Login":"Quarusrion32","Idade":15,"Sexo":"Masculino","Item ID":14,"Nome do Item":"Possessed Core","Valor":1.59},{"Login":"Chamimla73","Idade":18,"Sexo":"Masculino","Item ID":21,"Nome do Item":"Souleater","Valor":3.27},{"Login":"Eurith26","Idade":25,"Sexo":"Masculino","Item ID":139,"Nome do Item":"Mercy, Katana of Dismay","Valor":4.37},{"Login":"Tyananurgue44","Idade":22,"Sexo":"Masculino","Item ID":48,"Nome do Item":"Rage, Legacy of the Lone Victor","Valor":4.32},{"Login":"Iskichinya81","Idade":16,"Sexo":"Masculino","Item ID":134,"Nome do Item":"Undead Crusader","Valor":4.67},{"Login":"Hiadanurin36","Idade":10,"Sexo":"Feminino","Item ID":148,"Nome do Item":"Warmonger, Gift of Suffering's End","Valor":3.96},{"Login":"Tyaelly53","Idade":20,"Sexo":"Feminino","Item ID":106,"Nome do Item":"Crying Steel Sickle","Valor":2.29},{"Login":"Shidai42","Idade":23,"Sexo":"Feminino","Item ID":37,"Nome do Item":"Shadow Strike, Glory of Ending Hope","Valor":1.93},{"Login":"Bartassaya73","Idade":16,"Sexo":"Masculino","Item ID":8,"Nome do Item":"Purgatory, Gem of Regret","Valor":3.91},{"Login":"Mindosiasya28","Idade":13,"Sexo":"Masculino","Item ID":175,"Nome do Item":"Woeful Adamantite Claymore","Valor":1.24},{"Login":"Ethrusuard41","Idade":10,"Sexo":"Masculino","Item ID":16,"Nome do Item":"Restored Bauble","Valor":3.11},{"Login":"Indirrian56","Idade":19,"Sexo":"Masculino","Item ID":45,"Nome do Item":"Glinting Glass Edge","Valor":2.46},{"Login":"Sondim68","Idade":22,"Sexo":"Masculino","Item ID":101,"Nome do Item":"Final Critic","Valor":4.62},{"Login":"Tyadaru49","Idade":25,"Sexo":"Masculino","Item ID":56,"Nome do Item":"Foul Titanium Battle Axe","Valor":4.33},{"Login":"Cosadar58","Idade":35,"Sexo":"Feminino","Item ID":93,"Nome do Item":"Apocalyptic Battlescythe","Valor":3.91},{"Login":"Farusrian86","Idade":19,"Sexo":"Masculino","Item ID":154,"Nome do Item":"Feral Katana","Valor":2.19},{"Login":"Leyirra83","Idade":24,"Sexo":"Masculino","Item ID":145,"Nome do Item":"Fiery Glass Crusader","Valor":4.45},{"Login":"Inguron55","Idade":26,"Sexo":"Masculino","Item ID":84,"Nome do Item":"Arcane Gem","Valor":2.23},{"Login":"Haedasu65","Idade":20,"Sexo":"Masculino","Item ID":134,"Nome do Item":"Undead Crusader","Valor":4.67},{"Login":"Ialistidru50","Idade":21,"Sexo":"Masculino","Item ID":130,"Nome do Item":"Alpha","Valor":1.56},{"Login":"Sweecossa42","Idade":20,"Sexo":"Masculino","Item ID":79,"Nome do Item":"Alpha, Oath of Zeal","Valor":2.88},{"Login":"Ralasti48","Idade":35,"Sexo":"Masculino","Item ID":34,"Nome do Item":"Retribution Axe","Valor":4.14},{"Login":"Lamon28","Idade":32,"Sexo":"Masculino","Item ID":52,"Nome do Item":"Hatred","Valor":4.39},{"Login":"Isri49","Idade":15,"Sexo":"Masculino","Item ID":120,"Nome do Item":"Agatha","Valor":1.91},{"Login":"Frichassala85","Idade":21,"Sexo":"Masculino","Item ID":114,"Nome do Item":"Yearning Mageblade","Valor":1.79},{"Login":"Eollym91","Idade":23,"Sexo":"Masculino","Item ID":86,"Nome do Item":"Stormfury Lantern","Valor":1.28},{"Login":"Lisjasksda68","Idade":26,"Sexo":"Feminino","Item ID":179,"Nome do Item":"Wolf, Promise of the Moonwalker","Valor":1.88},{"Login":"Yalostiphos68","Idade":15,"Sexo":"Feminino","Item ID":116,"Nome do Item":"Renewed Skeletal Katana","Valor":2.37},{"Login":"Thryallym62","Idade":20,"Sexo":"Masculino","Item ID":4,"Nome do Item":"Bloodlord's Fetish","Valor":2.28},{"Login":"Sondastan54","Idade":31,"Sexo":"Masculino","Item ID":104,"Nome do Item":"Gladiator's Glaive","Valor":1.36},{"Login":"Ailaesuir66","Idade":22,"Sexo":"Feminino","Item ID":179,"Nome do Item":"Wolf, Promise of the Moonwalker","Valor":1.88},{"Login":"Siasri67","Idade":22,"Sexo":"Masculino","Item ID":6,"Nome do Item":"Rusty Skull","Valor":1.2},{"Login":"Seosri62","Idade":35,"Sexo":"Masculino","Item ID":11,"Nome do Item":"Brimstone","Valor":2.52},{"Login":"Ryastycal90","Idade":20,"Sexo":"Masculino","Item ID":122,"Nome do Item":"Unending Tyranny","Valor":1.21},{"Login":"Chanirrasta87","Idade":19,"Sexo":"Masculino","Item ID":87,"Nome do Item":"Deluge, Edge of the West","Valor":2.2},{"Login":"Aerithllora36","Idade":29,"Sexo":"Masculino","Item ID":81,"Nome do Item":"Dreamkiss","Valor":4.06},{"Login":"Raeduerin33","Idade":28,"Sexo":"Masculino","Item ID":175,"Nome do Item":"Woeful Adamantite Claymore","Valor":1.24},{"Login":"Lisosiast26","Idade":36,"Sexo":"Masculino","Item ID":52,"Nome do Item":"Hatred","Valor":4.39},{"Login":"Eurisuru25","Idade":27,"Sexo":"Outro \/ Não Divulgado","Item ID":48,"Nome do Item":"Rage, Legacy of the Lone Victor","Valor":4.32},{"Login":"Assassasda84","Idade":25,"Sexo":"Masculino","Item ID":70,"Nome do Item":"Hope's End","Valor":3.89},{"Login":"Aerithnucal56","Idade":15,"Sexo":"Masculino","Item ID":13,"Nome do Item":"Serenity","Valor":1.49},{"Login":"Nitherian58","Idade":22,"Sexo":"Feminino","Item ID":84,"Nome do Item":"Arcane Gem","Valor":2.23},{"Login":"Hailaphos89","Idade":20,"Sexo":"Masculino","Item ID":122,"Nome do Item":"Unending Tyranny","Valor":1.21},{"Login":"Chamucosda93","Idade":21,"Sexo":"Masculino","Item ID":158,"Nome do Item":"Darkheart, Butcher of the Champion","Valor":3.56},{"Login":"Frichilsasya78","Idade":24,"Sexo":"Masculino","Item ID":73,"Nome do Item":"Ritual Mace","Valor":3.74},{"Login":"Aenasu69","Idade":22,"Sexo":"Masculino","Item ID":141,"Nome do Item":"Persuasion","Valor":3.27},{"Login":"Lassista97","Idade":24,"Sexo":"Masculino","Item ID":25,"Nome do Item":"Hero Cane","Valor":1.03},{"Login":"Sidap51","Idade":15,"Sexo":"Masculino","Item ID":31,"Nome do Item":"Trickster","Valor":2.07},{"Login":"Chamadarsda63","Idade":21,"Sexo":"Masculino","Item ID":44,"Nome do Item":"Bonecarvin Battle Axe","Valor":2.46},{"Login":"Lassassast73","Idade":24,"Sexo":"Masculino","Item ID":123,"Nome do Item":"Twilight's Carver","Valor":1.14},{"Login":"Eural50","Idade":22,"Sexo":"Masculino","Item ID":98,"Nome do Item":"Deadline, Voice Of Subtlety","Valor":3.62},{"Login":"Lirtossa78","Idade":14,"Sexo":"Masculino","Item ID":104,"Nome do Item":"Gladiator's Glaive","Valor":1.36},{"Login":"Tillyrin30","Idade":20,"Sexo":"Masculino","Item ID":117,"Nome do Item":"Heartstriker, Legacy of the Light","Valor":4.15},{"Login":"Quelaton80","Idade":20,"Sexo":"Masculino","Item ID":75,"Nome do Item":"Brutality Ivory Warmace","Valor":1.72},{"Login":"Alim85","Idade":23,"Sexo":"Feminino","Item ID":107,"Nome do Item":"Splitter, Foe Of Subtlety","Valor":3.61}]